Rank,County,State,Unemployment Rate,Poverty Rate,Marriage Rate,Bankruptcy Rate,Life Expectancy,Physical Activity Rate,Divorce Rate,Income Ratio,Index
1,Loudoun,Virginia,3.2%,3.8%,61.9%,0.16%,82.6,59.65,7.5%,2.58,100
2,Fairfax,Virginia,3.2%,6.0%,56.2%,0.14%,83.1,62.85,7.8%,2.33,99.96
3,Carver,Minnesota,3.7%,4.4%,62.7%,0.15%,81.4,59.90,7.8%,2.23,99.13
4,Chester,Pennsylvania,3.6%,7.1%,56.2%,0.12%,80.8,62.20,7.8%,2.27,98.95
5,Hunterdon,New Jersey,3.6%,4.2%,58.3%,0.17%,81.4,63.25,8.7%,2.45,98.46
6,Morris,New Jersey,3.7%,4.7%,56.9%,0.16%,81.8,60.65,7.8%,2.39,97.89
7,Howard,Maryland,3.4%,5.1%,58.2%,0.18%,81.7,59.40,8.1%,2.58,97.05
8,Douglas,Colorado,2.6%,4.1%,64.7%,0.22%,82.8,68.75,10.0%,2.70,96.84
9,Somerset,New Jersey,3.8%,5.1%,56.4%,0.16%,82.0,57.20,7.8%,2.32,95.54
10,Ozaukee,Wisconsin,4.4%,5.0%,59.8%,0.18%,81.2,63.60,8.4%,2.00,94.85
11,Delaware,Ohio,3.8%,4.9%,63.5%,0.20%,81.1,59.10,8.7%,2.70,94.81
12,Santa Clara,California,3.8%,9.9%,53.2%,0.13%,82.8,64.10,8.1%,2.07,94.79
13,Putnam,New York,4.1%,5.6%,57.8%,0.17%,80.6,59.15,7.8%,2.21,94.67
14,Eagle,Colorado,2.3%,10.0%,52.3%,0.10%,82.2,69.95,8.7%,1.66,94.34
15,York,Virginia,4.3%,6.2%,60.9%,0.17%,80.5,60.30,8.4%,2.05,94.34
16,Norfolk,Massachusetts,3.9%,6.5%,52.2%,0.10%,81.2,60.40,8.1%,1.98,94.28
17,San Mateo,California,3.0%,7.6%,51.5%,0.11%,82.3,66.10,9.3%,1.82,94.24
18,Collin,Texas,3.3%,7.9%,59.4%,0.16%,81.4,58.60,10.0%,2.24,94.24
19,Montgomery,Maryland,3.6%,6.9%,53.2%,0.17%,83.3,59.75,8.1%,2.09,93.16
20,Scott,Minnesota,3.6%,5.7%,61.2%,0.22%,81.4,57.20,8.9%,2.23,93.04
21,Williamson,Texas,3.1%,7.6%,56.9%,0.11%,81.3,60.00,11.2%,1.87,93.03
22,Williamson,Tennessee,3.0%,5.6%,66.3%,0.16%,81.4,51.95,7.8%,2.44,92.98
23,Montgomery,Pennsylvania,3.9%,6.4%,54.3%,0.15%,80.2,59.65,8.1%,2.10,92.83
24,Dallas,Iowa,3.3%,7.0%,60.6%,0.12%,81.1,54.75,10.2%,2.02,92.67
25,Ottawa,Michigan,3.1%,10.7%,57.2%,0.16%,81.3,59.50,8.0%,1.67,92.50
26,Broomfield,Colorado,2.9%,6.3%,58.2%,0.22%,80.1,63.30,9.9%,2.12,92.37
27,Washington,Minnesota,3.6%,5.7%,58.0%,0.23%,81.2,60.35,9.5%,2.14,92.29
28,Rockingham,New Hampshire,3.3%,5.7%,57.2%,0.15%,80.5,60.05,10.8%,1.97,91.77
29,Fort Bend,Texas,4.5%,8.7%,59.1%,0.12%,80.9,54.65,7.5%,2.30,91.61
30,Forsyth,Georgia,4.2%,7.1%,62.4%,0.23%,80.9,60.70,9.3%,2.32,91.50
31,Arlington,Virginia,2.6%,8.8%,42.0%,0.07%,82.0,63.80,7.6%,2.19,90.77
32,Burleigh,North Dakota,3.1%,7.9%,54.0%,0.07%,80.4,54.90,9.7%,2.03,90.69
33,Olmsted,Minnesota,3.4%,8.7%,55.6%,0.13%,81.6,55.80,9.4%,1.76,90.65
34,Middlesex,Massachusetts,3.6%,8.4%,50.2%,0.09%,81.3,57.50,8.1%,1.92,90.59
35,Waukesha,Wisconsin,4.5%,5.6%,60.2%,0.24%,80.9,61.85,8.8%,2.01,90.56
36,James City,Virginia,4.3%,8.5%,59.1%,0.21%,80.8,60.70,9.5%,1.94,89.94
37,Comal,Texas,3.5%,10.6%,59.4%,0.12%,79.4,58.80,10.1%,1.80,89.26
38,Geauga,Ohio,5.0%,7.9%,59.5%,0.16%,81.1,58.30,9.1%,2.08,89.20
39,Hamilton,Indiana,3.7%,4.8%,62.5%,0.26%,81.2,56.65,9.5%,2.40,89.02
40,Johnson,Kansas,3.3%,6.5%,57.2%,0.20%,81.2,57.15,10.6%,2.00,88.66
41,Denton,Texas,3.2%,8.9%,54.3%,0.14%,80.2,57.60,10.4%,1.99,88.15
42,Rockwall,Texas,3.3%,6.3%,60.8%,0.17%,80.1,55.10,10.8%,2.30,87.80
43,Bergen,New Jersey,3.8%,7.5%,54.3%,0.22%,82.4,55.95,7.8%,1.95,87.79
44,Dakota,Minnesota,3.7%,7.8%,55.3%,0.23%,81.4,60.45,10.2%,1.93,87.73
45,Honolulu,Hawaii,2.8%,9.8%,50.1%,0.10%,80.9,62.15,8.8%,1.51,87.57
46,Davis,Utah,3.4%,7.8%,62.2%,0.41%,80.8,59.45,8.4%,1.99,87.42
47,Albemarle,Virginia,3.4%,9.7%,51.7%,0.20%,80.8,62.75,8.3%,1.74,87.10
48,Stafford,Virginia,4.1%,5.4%,57.7%,0.27%,79.4,58.95,7.7%,2.05,86.91
49,Nassau,New York,4.1%,6.3%,53.4%,0.14%,81.6,51.65,6.7%,2.09,86.83
50,Westchester,New York,4.4%,9.6%,50.8%,0.13%,82.0,58.30,7.6%,1.75,86.56
51,Cumberland,Pennsylvania,3.8%,8.7%,52.4%,0.15%,80.1,59.45,9.5%,1.82,86.55
52,Livingston,Michigan,4.4%,6.0%,59.4%,0.21%,79.8,60.85,10.7%,2.00,86.47
53,Marin,California,3.2%,8.8%,52.3%,0.08%,83.2,72.15,13.1%,1.82,86.41
54,Carroll,Maryland,4.2%,5.5%,57.1%,0.18%,79.2,55.15,8.9%,2.00,86.07
55,Wright,Minnesota,4.8%,6.3%,60.4%,0.23%,80.2,58.85,8.9%,1.88,86.07
56,Prince William,Virginia,3.8%,6.5%,55.2%,0.29%,80.5,58.15,8.4%,2.05,85.90
57,Washington,Wisconsin,4.5%,6.2%,60.4%,0.26%,80.5,59.95,9.5%,1.78,85.80
58,Guadalupe,Texas,3.4%,9.7%,55.6%,0.10%,79.0,56.25,10.3%,1.73,85.58
59,Hanover,Virginia,3.5%,5.5%,59.6%,0.29%,79.5,57.70,9.4%,1.97,85.46
60,Chittenden,Vermont,2.3%,11.3%,46.2%,0.08%,81.1,66.95,9.8%,1.67,85.35
61,Bucks,Pennsylvania,4.5%,5.9%,55.4%,0.18%,79.8,54.95,8.3%,2.02,85.11
62,Placer,California,4.6%,8.9%,56.0%,0.22%,81.1,66.95,10.7%,1.88,84.89
63,Saratoga,New York,4.3%,6.8%,53.6%,0.21%,80.6,60.75,10.3%,1.96,84.78
64,Fauquier,Virginia,3.7%,5.8%,57.6%,0.24%,78.6,58.35,9.4%,1.91,84.60
65,Gallatin County and Yellowstone National Park,Montana,3.0%,13.9%,50.1%,0.13%,80.5,66.15,8.9%,1.64,84.42
66,Sarpy,Nebraska,3.1%,6.8%,59.4%,0.24%,80.0,53.30,9.3%,1.95,84.42
67,Monmouth,New Jersey,4.3%,7.4%,53.3%,0.23%,79.9,58.90,8.6%,2.07,84.26
68,Clinton,Michigan,3.4%,11.6%,55.0%,0.21%,80.6,59.10,9.9%,1.73,84.15
69,Oldham,Kentucky,4.3%,6.5%,58.4%,0.16%,79.0,57.80,11.3%,2.50,84.06
70,Contra Costa,California,4.5%,10.7%,51.8%,0.17%,81.0,66.50,9.9%,1.80,84.02
71,Lancaster,Pennsylvania,4.1%,10.6%,55.6%,0.11%,80.0,51.70,7.8%,1.72,83.69
72,Utah,Utah,3.4%,13.8%,58.7%,0.32%,80.7,59.65,5.9%,1.76,83.47
73,St. Croix,Wisconsin,5.4%,6.8%,59.3%,0.22%,80.4,60.80,9.9%,1.82,83.33
74,St. Marys,Maryland,4.6%,6.8%,55.8%,0.17%,78.3,56.15,8.4%,2.15,82.87
75,Randall,Texas,2.8%,10.7%,55.7%,0.11%,78.4,57.00,11.0%,1.78,82.82
76,Medina,Ohio,4.8%,7.5%,58.7%,0.24%,80.1,60.25,10.5%,1.96,82.48
77,Union,North Carolina,4.9%,9.6%,60.1%,0.14%,78.7,55.25,7.8%,1.73,82.46
78,DuPage,Illinois,5.5%,7.1%,55.7%,0.30%,81.5,62.15,8.4%,2.00,82.42
79,St. Johns,Florida,3.5%,9.7%,55.4%,0.18%,80.4,64.05,12.4%,1.73,82.22
80,Fayette,Georgia,4.9%,8.1%,59.8%,0.37%,80.3,60.70,9.3%,2.12,82.00
81,Rockland,New York,4.2%,14.1%,53.7%,0.15%,81.5,52.80,6.4%,1.97,81.83
82,Napa,California,4.5%,10.3%,52.0%,0.09%,80.3,63.30,11.1%,1.62,81.82
83,Outagamie,Wisconsin,4.7%,8.9%,55.7%,0.21%,80.3,60.90,10.3%,1.67,81.80
84,Butler,Pennsylvania,5.2%,8.9%,55.9%,0.15%,79.2,57.00,9.1%,1.83,81.68
85,Kauai,Hawaii,3.6%,11.7%,51.2%,0.11%,79.7,68.65,10.0%,1.43,81.24
86,Frederick,Maryland,4.3%,6.2%,55.9%,0.20%,80.2,52.90,9.5%,1.79,81.21
87,Tolland,Connecticut,5.1%,6.6%,48.1%,0.12%,80.6,59.80,9.9%,2.00,81.15
88,Warren,Ohio,4.6%,5.8%,60.5%,0.27%,79.1,57.20,10.0%,2.17,81.03
89,Beaufort,South Carolina,5.1%,12.4%,54.8%,0.16%,81.4,67.20,9.9%,1.52,81.00
90,Adams,Pennsylvania,4.0%,9.9%,55.4%,0.18%,79.0,54.90,9.5%,1.87,80.91
91,Garfield,Colorado,3.8%,11.7%,57.4%,0.17%,80.3,65.25,10.6%,1.39,80.86
92,San Francisco,California,3.3%,13.3%,38.6%,0.08%,81.6,65.20,8.4%,1.56,80.77
93,Hillsborough,New Hampshire,3.2%,8.6%,52.1%,0.14%,80.2,56.20,11.5%,1.77,80.71
94,Cache,Utah,3.4%,15.8%,57.4%,0.26%,81.3,62.70,6.2%,1.48,80.64
95,Alameda,California,4.3%,12.9%,47.5%,0.13%,81.2,63.90,8.9%,1.66,80.47
96,Barry,Michigan,4.0%,11.2%,60.3%,0.19%,79.2,57.90,10.4%,1.60,80.37
97,Sherburne,Minnesota,5.0%,7.8%,58.1%,0.24%,80.4,55.60,9.4%,1.90,80.26
98,Orange,California,4.0%,12.8%,50.1%,0.19%,82.0,62.65,9.1%,1.60,80.16
99,Middlesex,New Jersey,4.2%,8.5%,51.6%,0.21%,80.7,53.10,7.3%,1.85,79.58
100,Alexandria city,Virginia,3.0%,8.7%,43.6%,0.14%,80.5,63.45,11.1%,1.82,79.58
101,St. Charles,Missouri,3.9%,6.1%,57.7%,0.34%,79.9,53.85,9.6%,2.08,79.56
102,Anoka,Minnesota,4.1%,7.6%,54.7%,0.28%,80.6,57.20,10.6%,1.82,79.50
103,Montgomery,Texas,4.4%,12.3%,56.7%,0.09%,78.6,55.50,10.8%,1.83,79.23
104,Island,Washington,6.5%,9.8%,60.8%,0.19%,81.4,67.05,10.7%,1.62,78.96
105,Dane,Wisconsin,3.6%,13.3%,48.1%,0.17%,81.2,63.65,9.6%,1.62,78.89
106,Grafton,New Hampshire,2.6%,11.2%,48.4%,0.10%,80.5,65.80,11.6%,1.50,78.45
107,Box Elder,Utah,4.0%,9.6%,64.2%,0.44%,79.4,56.90,8.4%,1.70,78.45
108,Kendall,Illinois,6.2%,5.8%,60.6%,0.41%,80.5,58.85,8.1%,2.15,78.44
109,Otter Tail,Minnesota,6.1%,11.0%,61.1%,0.10%,80.5,55.35,9.0%,1.51,78.36
110,Sussex,New Jersey,4.7%,5.7%,56.2%,0.32%,79.0,56.45,8.9%,2.11,78.15
111,Fairfield,Connecticut,5.7%,9.1%,51.2%,0.15%,81.6,56.90,9.4%,1.77,77.96
112,Brazoria,Texas,4.6%,11.2%,54.7%,0.10%,78.3,56.00,10.9%,1.97,77.96
113,El Dorado,California,5.4%,10.3%,56.6%,0.22%,80.8,63.70,11.2%,1.75,77.94
114,La Plata,Colorado,3.2%,11.1%,49.5%,0.11%,81.0,69.60,13.2%,1.62,77.81
115,Windsor,Vermont,2.9%,10.7%,53.3%,0.11%,79.8,66.45,13.9%,1.56,77.81
116,Merrimack,New Hampshire,2.8%,9.5%,51.6%,0.17%,80.0,59.70,12.4%,1.70,77.79
117,Clay,Minnesota,4.2%,12.9%,49.2%,0.09%,80.0,55.70,8.6%,1.61,77.55
118,Dubuque,Iowa,4.7%,11.5%,53.1%,0.14%,79.5,56.90,9.1%,1.55,77.51
119,Chisago,Minnesota,5.3%,6.4%,57.1%,0.22%,79.8,57.20,10.8%,1.81,77.44
120,Boulder,Colorado,2.7%,14.6%,47.7%,0.14%,80.1,63.30,10.6%,1.73,77.32
121,Suffolk,New York,4.8%,6.8%,52.0%,0.24%,80.2,54.55,7.8%,1.87,77.27
122,Tioga,New York,6.1%,9.5%,57.0%,0.13%,79.9,56.90,10.3%,1.67,77.18
123,Middlesex,Connecticut,5.3%,6.9%,52.2%,0.18%,80.5,60.50,11.6%,1.94,76.97
124,Calvert,Maryland,4.2%,5.8%,53.6%,0.26%,78.8,55.75,10.0%,2.02,76.87
125,Larimer,Colorado,2.9%,13.7%,50.9%,0.25%,81.0,67.10,10.4%,1.61,76.84
126,Ada,Idaho,3.6%,12.8%,54.5%,0.24%,80.7,64.30,11.9%,1.62,76.70
127,Dutchess,New York,4.4%,8.8%,49.2%,0.24%,79.9,57.90,8.7%,1.81,76.52
128,Warren,New Jersey,4.6%,7.9%,54.8%,0.30%,79.7,56.30,9.6%,1.87,76.46
129,Platte,Missouri,3.8%,7.4%,55.0%,0.24%,79.8,55.85,11.8%,1.93,76.37
130,Rice,Minnesota,4.2%,11.8%,50.0%,0.17%,80.6,55.45,8.9%,1.63,76.31
131,Elko,Nevada,4.8%,9.9%,57.1%,0.12%,78.1,55.70,11.5%,2.08,76.25
132,Lebanon,Pennsylvania,4.4%,10.9%,53.5%,0.15%,79.1,54.45,10.4%,1.77,76.24
133,Hennepin,Minnesota,3.4%,12.9%,46.8%,0.20%,80.6,61.25,10.0%,1.68,76.21
134,Cass,North Dakota,2.6%,12.7%,47.1%,0.10%,79.8,54.25,9.1%,1.62,76.15
135,Frederick,Virginia,3.7%,5.9%,58.1%,0.27%,79.2,51.85,10.4%,1.86,76.13
136,Washington,Rhode Island,5.9%,9.4%,51.0%,0.15%,80.0,61.95,10.6%,1.98,76.06
137,King,Washington,4.8%,11.8%,49.2%,0.20%,81.3,64.50,10.8%,1.92,76.03
138,Sheboygan,Wisconsin,4.5%,9.3%,55.4%,0.24%,80.0,58.00,10.5%,1.54,75.85
139,Chatham,North Carolina,4.7%,14.4%,56.7%,0.11%,79.8,56.15,10.1%,1.49,75.79
140,Plymouth,Massachusetts,5.0%,7.7%,51.4%,0.17%,79.2,57.20,10.1%,1.76,75.55
141,Wake,North Carolina,4.7%,11.3%,51.2%,0.17%,80.6,54.15,9.3%,1.71,75.49
142,Benton,Arkansas,3.4%,11.7%,60.0%,0.25%,78.9,54.30,10.3%,1.64,75.46
143,Ventura,California,5.1%,11.1%,50.6%,0.20%,81.2,60.30,10.2%,1.69,75.39
144,McHenry,Illinois,6.5%,7.6%,58.6%,0.28%,79.9,58.30,9.5%,1.93,75.39
145,Roanoke,Virginia,3.7%,7.9%,56.1%,0.26%,79.1,57.90,11.7%,1.70,75.37
146,Burlington,New Jersey,4.2%,5.8%,51.4%,0.37%,79.4,57.70,9.8%,2.06,75.25
147,Hampshire,Massachusetts,4.0%,13.9%,40.1%,0.10%,80.1,61.80,9.6%,1.67,75.18
148,Weld,Colorado,3.5%,13.5%,54.6%,0.31%,80.1,63.30,11.0%,1.69,75.15
149,Jefferson,Colorado,3.0%,8.7%,52.7%,0.28%,80.1,63.30,13.0%,1.84,75.04
150,Chesterfield,Virginia,3.9%,7.2%,53.0%,0.43%,79.6,58.50,10.3%,1.84,75.04
151,Boone,Indiana,4.2%,6.9%,61.6%,0.25%,79.0,53.65,11.4%,1.91,74.82
152,Essex,Massachusetts,4.7%,11.3%,48.7%,0.14%,80.4,58.25,10.0%,1.61,74.77
153,Columbia,Georgia,4.9%,9.6%,57.4%,0.36%,78.5,59.60,9.9%,2.03,74.76
154,Harford,Maryland,4.7%,7.7%,55.5%,0.31%,79.0,54.85,9.0%,1.90,74.70
155,Spotsylvania,Virginia,4.3%,8.1%,57.0%,0.32%,78.6,56.55,9.3%,1.63,74.68
156,Litchfield,Connecticut,6.0%,6.8%,54.7%,0.19%,80.3,57.55,11.3%,1.85,74.67
157,Christian,Missouri,4.4%,10.7%,61.6%,0.25%,79.1,56.45,10.9%,1.63,74.46
158,York,Pennsylvania,4.5%,10.3%,54.1%,0.20%,79.1,54.20,10.4%,1.81,74.26
159,Ward,North Dakota,4.8%,9.3%,52.1%,0.09%,78.5,49.45,9.2%,1.91,74.08
160,Ellis,Texas,3.6%,12.0%,57.0%,0.17%,78.3,52.50,10.3%,1.65,74.05
161,Washington,Vermont,3.8%,10.3%,49.9%,0.09%,79.4,64.70,14.1%,1.70,74.02
162,Lake,Illinois,6.9%,9.4%,55.5%,0.29%,80.7,57.70,8.7%,1.97,73.78
163,Washington,Oregon,4.3%,11.8%,53.0%,0.27%,81.4,62.90,11.9%,1.71,73.74
164,Johnson,Iowa,3.0%,17.7%,43.1%,0.08%,80.9,59.80,8.7%,1.49,73.72
165,Augusta,Virginia,3.9%,9.3%,57.9%,0.28%,78.9,54.75,9.8%,1.53,73.69
166,San Luis Obispo,California,4.3%,14.8%,48.2%,0.12%,80.7,65.70,10.3%,1.45,73.68
167,Belknap,New Hampshire,3.3%,10.2%,54.7%,0.19%,78.7,63.50,14.0%,1.64,73.46
168,Cumberland,Maine,3.2%,11.7%,50.0%,0.12%,80.0,66.10,12.7%,1.45,73.43
169,Ontario,New York,5.1%,10.4%,50.4%,0.10%,79.4,58.50,11.2%,1.64,73.43
170,Warrick,Indiana,4.7%,9.2%,62.2%,0.29%,78.8,56.30,11.1%,1.88,73.28
171,Stearns,Minnesota,4.5%,13.4%,50.2%,0.20%,81.9,54.80,7.9%,1.58,73.17
172,Clackamas,Oregon,4.6%,9.7%,55.0%,0.26%,80.1,64.25,12.5%,1.70,73.17
173,Newport,Rhode Island,5.8%,8.5%,50.1%,0.16%,80.5,60.65,11.6%,1.84,73.04
174,Hendricks,Indiana,4.2%,5.8%,58.6%,0.37%,79.6,53.70,11.4%,1.94,73.02
175,Northampton,Pennsylvania,5.1%,9.8%,51.6%,0.20%,79.6,54.20,8.9%,1.77,72.90
176,Washington,Utah,4.1%,15.5%,60.5%,0.31%,80.8,59.05,9.6%,1.43,72.90
177,Midland,Texas,4.0%,10.0%,52.9%,0.04%,77.8,49.75,10.7%,1.83,72.86
178,Sumter,Florida,6.8%,10.9%,63.4%,0.08%,80.4,56.10,11.3%,1.50,72.84
179,Washtenaw,Michigan,2.9%,15.2%,43.9%,0.21%,80.5,62.35,9.1%,1.65,72.80
180,Maui,Hawaii,3.4%,11.4%,50.0%,0.19%,80.7,67.15,11.5%,1.39,72.78
181,Fairbanks North Star,Alaska,6.6%,8.0%,50.9%,0.06%,78.0,60.90,10.7%,1.93,72.72
182,Cherokee,Georgia,4.4%,10.3%,57.6%,0.34%,79.1,59.55,11.6%,1.79,72.69
183,Fond du Lac,Wisconsin,4.9%,10.0%,54.9%,0.25%,79.9,58.10,10.5%,1.58,72.45
184,Midland,Michigan,4.7%,13.2%,56.5%,0.22%,80.0,57.75,10.8%,1.57,72.44
185,Cheshire,New Hampshire,3.0%,11.7%,48.0%,0.12%,79.5,64.50,12.3%,1.48,72.17
186,Marathon,Wisconsin,5.0%,11.4%,56.5%,0.19%,80.0,54.80,10.7%,1.56,72.15
187,Rockingham,Virginia,3.7%,10.9%,57.6%,0.22%,79.7,48.85,9.5%,1.50,72.11
188,Anne Arundel,Maryland,4.1%,5.9%,51.7%,0.25%,79.0,53.20,10.7%,2.09,71.97
189,Oakland,Michigan,4.2%,10.4%,52.3%,0.30%,79.5,58.60,11.2%,1.87,71.97
190,Hays,Texas,3.2%,17.3%,46.5%,0.09%,79.5,59.70,9.7%,1.53,71.88
191,Allegan,Michigan,4.1%,13.7%,58.4%,0.22%,78.9,56.80,10.8%,1.54,71.73
192,Linn,Iowa,4.4%,9.5%,51.4%,0.15%,80.2,53.80,11.8%,1.67,71.70
193,Brown,Wisconsin,4.9%,11.7%,52.1%,0.25%,80.7,59.90,10.1%,1.50,71.60
194,York,Maine,4.1%,10.6%,52.5%,0.13%,79.7,61.90,13.6%,1.46,71.26
195,Portage,Wisconsin,5.5%,14.7%,50.2%,0.15%,80.6,59.65,8.9%,1.49,70.87
196,Union,Ohio,4.2%,7.9%,57.5%,0.31%,78.2,54.05,11.2%,1.89,70.63
197,Parker,Texas,4.0%,11.1%,57.9%,0.13%,77.3,53.90,12.4%,1.75,70.58
198,Mercer,New Jersey,4.0%,11.7%,47.4%,0.25%,79.2,55.70,8.3%,1.84,70.37
199,Tooele,Utah,4.3%,8.7%,59.3%,0.73%,77.9,55.10,9.5%,1.82,70.28
200,Lewis and Clark,Montana,3.8%,11.2%,51.9%,0.16%,78.3,63.05,13.7%,1.76,70.27
201,Orange,North Carolina,4.7%,16.8%,44.9%,0.08%,80.2,60.20,8.4%,1.49,70.06
202,Arapahoe,Colorado,3.1%,11.7%,50.9%,0.36%,80.3,64.10,12.0%,1.64,70.04
203,Franklin,Pennsylvania,4.9%,11.6%,54.8%,0.15%,79.0,50.70,10.5%,1.71,69.92
204,Collier,Florida,4.4%,14.4%,54.1%,0.18%,82.4,59.50,11.4%,1.33,69.83
205,Bonneville,Idaho,3.8%,12.7%,57.7%,0.30%,78.6,60.25,11.6%,1.53,69.76
206,Winona,Minnesota,3.8%,15.1%,45.5%,0.15%,79.7,59.70,7.1%,1.39,69.67
207,Travis,Texas,3.0%,17.5%,43.6%,0.07%,80.4,59.40,10.9%,1.55,69.64
208,El Paso,Colorado,3.9%,12.5%,53.4%,0.29%,79.6,63.30,12.0%,1.60,69.53
209,La Crosse,Wisconsin,4.9%,14.1%,47.8%,0.16%,80.0,61.65,9.5%,1.48,69.27
210,Worcester,Massachusetts,4.9%,11.6%,48.9%,0.17%,79.6,56.05,10.4%,1.72,69.15
211,Delaware,Pennsylvania,4.5%,10.5%,46.0%,0.16%,77.8,56.65,8.6%,1.69,69.03
212,Kent,Michigan,3.2%,15.5%,49.9%,0.22%,79.6,58.05,10.3%,1.52,68.58
213,Tompkins,New York,3.7%,20.6%,37.4%,0.05%,80.5,61.85,7.7%,1.42,68.53
214,Wayne,New York,5.7%,11.9%,53.9%,0.12%,78.7,56.10,10.4%,1.48,68.40
215,Albany,New York,4.2%,13.6%,41.3%,0.19%,79.5,57.15,8.7%,1.66,68.26
216,New York,New York,5.1%,17.7%,32.9%,0.07%,81.7,58.30,8.8%,1.65,68.13
217,Westmoreland,Pennsylvania,5.9%,10.3%,53.4%,0.20%,78.6,56.90,10.0%,1.59,68.10
218,Salt Lake,Utah,3.5%,12.9%,52.4%,0.49%,79.4,58.35,10.6%,1.67,68.08
219,Pike,Pennsylvania,6.4%,9.8%,55.8%,0.33%,80.0,55.60,8.6%,1.63,68.04
220,Manitowoc,Wisconsin,6.2%,9.9%,55.8%,0.17%,79.6,56.60,10.6%,1.44,68.04
221,Orange,New York,4.4%,12.6%,50.6%,0.25%,79.3,52.60,8.5%,1.77,67.95
222,Blue Earth,Minnesota,3.6%,18.9%,45.5%,0.13%,80.6,56.30,6.8%,1.44,67.92
223,Bedford,Virginia,4.3%,10.2%,58.8%,0.29%,78.1,51.85,10.0%,1.61,67.90
224,Greene,Ohio,4.8%,14.3%,51.0%,0.23%,79.1,57.10,10.1%,1.77,67.81
225,Centre,Pennsylvania,4.0%,20.3%,40.8%,0.05%,80.5,57.70,7.0%,1.48,67.78
226,Chesapeake city,Virginia,4.6%,9.1%,52.6%,0.39%,78.0,57.60,10.2%,1.78,67.47
227,Richmond,New York,5.9%,12.3%,51.5%,0.13%,79.5,49.45,6.7%,1.70,67.34
228,Gloucester,New Jersey,4.9%,8.0%,52.0%,0.38%,78.2,54.20,8.6%,1.97,67.31
229,Sonoma,California,4.1%,12.3%,47.5%,0.14%,80.3,66.90,13.4%,1.48,67.17
230,Shelby,Alabama,4.7%,8.6%,57.2%,0.35%,79.2,51.30,11.2%,1.94,66.99
231,Story,Iowa,2.7%,21.9%,42.5%,0.08%,80.9,56.70,6.3%,1.39,66.92
232,Eaton,Michigan,3.8%,10.4%,53.1%,0.31%,79.3,57.90,12.2%,1.58,66.84
233,Hood,Texas,4.6%,11.7%,58.6%,0.12%,78.6,54.65,14.1%,1.56,66.72
234,Anchorage,Alaska,5.8%,8.3%,48.0%,0.07%,78.0,59.75,12.5%,2.11,66.71
235,Virginia Beach city,Virginia,4.1%,8.3%,51.0%,0.38%,79.4,54.70,10.8%,1.70,66.69
236,Nevada,California,5.0%,12.4%,53.7%,0.21%,81.3,68.55,13.2%,1.41,66.60
237,Columbia,Wisconsin,5.2%,9.2%,54.7%,0.23%,79.3,59.45,13.1%,1.61,66.51
238,Jefferson,Wisconsin,5.5%,11.2%,53.2%,0.21%,79.3,58.50,11.0%,1.49,66.47
239,Johnson,Texas,4.2%,12.5%,57.8%,0.13%,76.6,52.10,11.3%,1.57,66.27
240,New London,Connecticut,6.1%,9.1%,49.2%,0.14%,79.9,58.45,12.3%,1.72,66.17
241,Henderson,North Carolina,4.9%,14.8%,57.1%,0.13%,78.8,58.75,11.2%,1.28,66.11
242,Eau Claire,Wisconsin,4.5%,15.4%,46.3%,0.15%,80.5,60.15,10.3%,1.41,66.11
243,Chippewa,Wisconsin,6.7%,10.8%,55.5%,0.18%,79.9,60.80,12.3%,1.51,66.09
244,Strafford,New Hampshire,2.8%,11.2%,46.3%,0.13%,78.9,56.60,12.5%,1.54,65.99
245,Santa Rosa,Florida,4.3%,12.2%,54.7%,0.19%,77.8,57.55,12.5%,1.60,65.93
246,Santa Barbara,California,5.6%,16.6%,45.0%,0.13%,81.2,61.45,9.1%,1.49,65.81
247,Will,Illinois,7.2%,8.2%,55.2%,0.44%,79.4,55.45,8.6%,1.93,65.78
248,Barnstable,Massachusetts,7.9%,9.7%,52.8%,0.19%,80.4,67.75,11.8%,1.49,65.73
249,Boone,Kentucky,4.8%,8.7%,57.7%,0.40%,78.0,53.60,10.9%,1.95,65.72
250,Benton,Oregon,4.0%,22.7%,44.1%,0.11%,81.2,65.95,9.3%,1.33,65.36
251,Rutland,Vermont,4.1%,13.1%,51.0%,0.14%,78.3,59.75,12.3%,1.44,65.34
252,Laramie,Wyoming,4.5%,10.5%,53.8%,0.18%,77.6,56.60,13.3%,1.76,65.33
253,Snohomish,Washington,5.3%,10.3%,52.4%,0.27%,79.8,58.25,12.5%,1.82,65.27
254,San Diego,California,4.7%,14.7%,47.4%,0.25%,80.9,63.90,10.3%,1.47,65.18
255,Genesee,New York,5.5%,12.6%,53.8%,0.11%,78.4,53.85,10.3%,1.44,65.15
256,Lancaster,Nebraska,2.8%,14.9%,48.2%,0.24%,80.4,54.95,10.5%,1.52,65.14
257,Martin,Florida,4.7%,12.0%,52.0%,0.16%,80.7,60.90,13.0%,1.33,65.08
258,Wise,Texas,4.6%,10.2%,58.1%,0.13%,77.0,52.20,12.5%,1.65,65.05
259,Berks,Pennsylvania,4.8%,14.3%,50.0%,0.20%,79.1,54.05,10.0%,1.70,65.00
260,Matanuska-Susitna,Alaska,9.6%,10.2%,53.0%,0.09%,78.0,59.60,12.5%,1.99,64.97
261,Polk,Iowa,4.2%,12.5%,51.9%,0.18%,78.8,52.90,11.6%,1.62,64.87
262,Cobb,Georgia,4.8%,13.0%,51.0%,0.42%,79.6,59.55,10.4%,1.71,64.82
263,Columbia,New York,4.2%,10.4%,49.3%,0.15%,78.6,53.55,12.1%,1.63,64.78
264,Grand Forks,North Dakota,2.6%,18.1%,44.0%,0.12%,79.5,55.85,9.5%,1.44,64.64
265,Gwinnett,Georgia,4.9%,13.8%,53.0%,0.50%,80.2,56.40,9.2%,1.60,64.61
266,Ulster,New York,4.7%,12.3%,46.8%,0.20%,79.2,57.15,10.3%,1.54,64.48
267,Ascension,Louisiana,4.5%,12.8%,55.3%,0.17%,77.1,49.80,10.8%,1.89,64.40
268,Riley,Kansas,3.1%,22.3%,39.2%,0.07%,80.3,57.60,6.7%,1.32,64.39
269,Monroe,New York,4.9%,15.4%,44.3%,0.12%,79.6,57.60,9.8%,1.50,64.39
270,York,South Carolina,5.1%,14.3%,53.6%,0.14%,77.5,56.15,10.1%,1.47,64.31
271,San Benito,California,7.7%,12.1%,52.3%,0.28%,80.4,59.80,9.9%,1.63,64.30
272,Kitsap,Washington,5.9%,10.9%,53.0%,0.23%,79.1,64.90,12.9%,1.75,64.30
273,Franklin,Massachusetts,4.5%,11.9%,47.8%,0.13%,80.1,61.90,14.1%,1.48,64.12
274,Kane,Illinois,7.2%,11.5%,54.6%,0.32%,80.6,52.80,8.9%,1.79,63.98
275,Cass,Missouri,4.7%,9.6%,57.8%,0.24%,77.5,53.40,12.0%,1.71,63.85
276,Monroe,Michigan,4.0%,11.8%,54.1%,0.30%,78.1,56.70,11.7%,1.57,63.65
277,Wayne,Ohio,4.4%,13.4%,55.9%,0.22%,78.1,50.85,10.1%,1.50,63.56
278,Ocean,New Jersey,5.4%,11.1%,53.6%,0.33%,79.0,55.75,9.3%,1.50,63.52
279,Hawaii,Hawaii,3.8%,19.2%,47.3%,0.09%,79.9,65.55,11.2%,1.30,63.37
280,Madison,New York,5.9%,11.2%,47.4%,0.17%,79.6,56.95,10.4%,1.57,63.31
281,Fairfield,Ohio,4.8%,10.9%,55.4%,0.35%,78.4,54.30,11.5%,1.78,63.19
282,McLean,Illinois,6.2%,14.7%,47.0%,0.17%,79.4,57.15,9.2%,1.77,63.15
283,Rogers,Oklahoma,4.7%,9.3%,60.0%,0.24%,77.5,49.25,11.3%,1.69,63.06
284,Minnehaha,South Dakota,2.8%,11.7%,50.0%,0.21%,78.8,48.15,10.9%,1.61,63.01
285,Adams,Colorado,3.7%,14.1%,50.6%,0.38%,80.1,63.30,12.2%,1.51,62.91
286,Winnebago,Wisconsin,4.7%,12.5%,49.1%,0.24%,79.4,60.05,11.6%,1.50,62.71
287,Wood,Ohio,4.7%,14.8%,48.4%,0.24%,79.0,56.35,9.6%,1.61,62.67
288,Waupaca,Wisconsin,5.6%,10.4%,56.8%,0.19%,77.6,56.15,12.0%,1.53,62.43
289,Benton,Washington,7.4%,13.7%,54.2%,0.24%,79.5,60.10,11.6%,1.84,62.28
290,Rensselaer,New York,4.7%,13.0%,46.0%,0.21%,78.2,55.25,9.3%,1.67,62.25
291,Schenectady,New York,4.6%,12.8%,45.6%,0.24%,79.3,56.05,9.7%,1.58,62.25
292,Grand Traverse,Michigan,4.9%,11.7%,51.9%,0.18%,79.5,59.10,13.5%,1.47,62.02
293,Sarasota,Florida,4.4%,11.8%,53.1%,0.21%,80.5,63.80,13.5%,1.21,62.01
294,Bastrop,Texas,3.5%,15.9%,54.4%,0.07%,77.7,53.45,12.2%,1.39,61.71
295,Canadian,Oklahoma,3.7%,7.5%,56.5%,0.29%,78.0,47.75,12.7%,1.91,61.69
296,Lehigh,Pennsylvania,5.3%,13.4%,48.6%,0.20%,79.3,53.90,9.9%,1.62,61.69
297,Bradford,Pennsylvania,6.6%,13.2%,53.8%,0.07%,77.5,55.15,11.3%,1.61,61.60
298,Wood,Wisconsin,7.1%,11.2%,56.2%,0.19%,79.8,56.75,11.8%,1.43,61.53
299,Livingston,New York,5.8%,14.7%,48.0%,0.10%,79.6,53.85,9.8%,1.50,61.48
300,Lake,Ohio,5.5%,9.2%,52.2%,0.33%,78.5,58.55,11.7%,1.68,61.39
301,Boone,Illinois,8.5%,11.9%,56.9%,0.39%,79.2,55.60,9.4%,1.73,61.36
302,Charles,Maryland,4.7%,7.6%,49.5%,0.42%,77.9,54.00,10.2%,1.95,61.24
303,Cape May,New Jersey,13.4%,11.1%,54.3%,0.25%,77.9,59.05,9.4%,1.57,61.05
304,Weber,Utah,4.3%,13.1%,54.9%,0.59%,78.6,58.85,12.0%,1.59,60.89
305,Union,New Jersey,5.0%,11.1%,47.0%,0.28%,80.1,49.45,8.0%,1.67,60.81
306,Kenai Peninsula,Alaska,10.2%,9.3%,52.6%,0.03%,78.0,56.95,13.5%,1.84,60.75
307,Yellowstone,Montana,4.0%,12.5%,50.4%,0.14%,78.1,54.20,13.8%,1.63,60.62
308,St. Tammany,Louisiana,4.7%,10.8%,54.1%,0.22%,77.6,53.65,11.7%,1.55,60.59
309,Pennington,South Dakota,3.3%,12.8%,49.3%,0.16%,79.7,55.00,14.4%,1.49,60.59
310,Clinton,New York,5.7%,15.2%,48.5%,0.15%,78.9,55.60,8.8%,1.46,60.57
311,Coweta,Georgia,5.0%,13.0%,57.6%,0.50%,78.2,53.30,9.9%,1.63,60.56
312,Butler,Kansas,4.2%,9.3%,55.7%,0.22%,77.6,50.35,13.0%,1.67,60.48
313,Ramsey,Minnesota,3.7%,16.8%,44.1%,0.23%,79.8,59.20,10.3%,1.43,60.36
314,Galveston,Texas,4.8%,13.5%,51.7%,0.12%,77.1,55.50,12.4%,1.64,60.32
315,Crow Wing,Minnesota,6.9%,11.8%,57.1%,0.25%,79.9,57.95,11.4%,1.40,60.30
316,Grant,Wisconsin,5.8%,16.6%,48.9%,0.13%,78.9,58.30,9.1%,1.41,60.27
317,Cabarrus,North Carolina,5.1%,13.1%,54.6%,0.15%,77.4,52.60,10.4%,1.42,60.20
318,Onondaga,New York,4.8%,15.2%,45.0%,0.21%,79.4,57.10,10.2%,1.59,60.14
319,Greenville,South Carolina,4.6%,15.8%,50.3%,0.10%,77.6,54.00,10.6%,1.46,60.12
320,Paulding,Georgia,4.8%,12.7%,58.0%,0.55%,78.0,54.50,10.8%,1.62,60.00
321,Dorchester,South Carolina,5.1%,11.8%,52.2%,0.18%,77.9,55.40,11.4%,1.46,59.96
322,Camden,Georgia,5.3%,13.2%,57.0%,0.33%,77.3,55.60,9.7%,1.54,59.93
323,Clay,Missouri,4.0%,9.3%,53.1%,0.30%,78.5,51.40,12.7%,1.72,59.88
324,Hardin,Texas,5.4%,12.1%,58.5%,0.11%,76.3,49.85,11.1%,1.52,59.88
325,Boone,Missouri,3.4%,20.1%,43.9%,0.22%,79.1,58.25,9.1%,1.50,59.84
326,Clermont,Ohio,5.0%,10.5%,55.7%,0.31%,77.5,52.40,11.3%,1.80,59.81
327,Thurston,Washington,6.3%,11.9%,52.2%,0.30%,79.9,63.10,12.9%,1.76,59.75
328,Allegheny,Pennsylvania,5.0%,12.9%,45.3%,0.19%,78.0,54.70,9.4%,1.62,59.63
329,Moore,North Carolina,6.0%,16.3%,56.2%,0.14%,79.0,52.30,10.0%,1.39,59.58
330,Kaufman,Texas,3.6%,13.9%,55.4%,0.23%,76.4,51.30,11.3%,1.63,59.57
331,Jefferson,West Virginia,4.4%,12.4%,54.2%,0.22%,76.9,48.85,11.1%,1.85,59.51
332,Hancock,Indiana,4.8%,7.6%,56.7%,0.39%,77.8,52.40,12.4%,1.86,59.46
333,St. Louis,Missouri,4.4%,10.8%,48.9%,0.39%,78.7,54.45,11.0%,1.72,59.27
334,Henrico,Virginia,3.9%,10.7%,47.7%,0.45%,78.9,57.85,11.4%,1.56,59.27
335,Pulaski,Missouri,5.7%,12.9%,46.2%,0.11%,76.7,56.25,9.4%,1.59,59.06
336,Clay,Florida,4.3%,10.5%,53.7%,0.28%,77.8,54.10,12.3%,1.56,59.05
337,Bell,Texas,4.2%,14.9%,52.5%,0.15%,77.5,53.05,11.4%,1.44,59.02
338,Douglas,Kansas,3.6%,18.5%,39.9%,0.21%,79.7,57.60,9.1%,1.41,58.90
339,Franklin,Virginia,4.3%,14.5%,58.4%,0.25%,78.0,51.50,9.9%,1.32,58.90
340,Hartford,Connecticut,6.2%,12.1%,46.5%,0.16%,80.0,54.00,11.2%,1.64,58.88
341,Flathead,Montana,7.4%,13.7%,56.2%,0.15%,79.1,63.45,13.8%,1.47,58.81
342,Washington,Pennsylvania,6.3%,10.5%,52.0%,0.20%,77.5,52.60,10.3%,1.71,58.81
343,Whatcom,Washington,6.8%,16.2%,49.0%,0.21%,80.9,63.55,11.1%,1.54,58.81
344,Okaloosa,Florida,4.2%,13.7%,51.2%,0.15%,77.7,55.70,13.0%,1.49,58.73
345,Mecklenburg,North Carolina,5.3%,15.5%,45.3%,0.13%,79.2,55.30,10.2%,1.48,58.70
346,Cleveland,Oklahoma,3.6%,13.3%,49.7%,0.26%,77.9,52.95,11.2%,1.66,58.69
347,Putnam,West Virginia,6.2%,10.1%,57.4%,0.15%,77.6,49.20,12.0%,1.66,58.63
348,Henry,Illinois,7.8%,10.8%,55.9%,0.18%,78.5,53.25,11.6%,1.55,58.27
349,Lexington,South Carolina,4.5%,14.3%,52.0%,0.16%,77.3,51.75,10.9%,1.51,58.18
350,Kosciusko,Indiana,4.6%,12.4%,58.0%,0.43%,78.0,50.30,10.4%,1.55,58.16
351,Sauk,Wisconsin,5.3%,12.2%,54.6%,0.28%,79.3,53.65,11.4%,1.46,58.09
352,Wayne,Pennsylvania,6.6%,13.0%,52.1%,0.16%,78.6,54.15,11.1%,1.53,58.07
353,Ogle,Illinois,7.7%,11.1%,55.3%,0.28%,79.5,53.50,11.1%,1.64,57.98
354,Queens,New York,5.2%,15.3%,45.1%,0.12%,81.4,50.15,7.7%,1.31,57.95
355,Clark,Washington,6.6%,11.8%,53.1%,0.33%,79.6,60.05,12.6%,1.71,57.77
356,Johnson,Indiana,4.5%,10.9%,57.0%,0.45%,78.4,50.70,12.2%,1.72,57.67
357,Scott,Iowa,5.4%,12.8%,50.7%,0.18%,78.3,55.75,11.8%,1.51,57.67
358,Walworth,Wisconsin,5.9%,13.6%,51.9%,0.31%,79.6,57.50,10.4%,1.46,57.65
359,Polk,Oregon,5.4%,17.0%,53.1%,0.30%,79.6,59.65,11.0%,1.46,57.64
360,Hancock,Ohio,4.1%,14.8%,52.0%,0.25%,78.8,52.50,11.7%,1.53,57.61
361,Lincoln,North Carolina,5.3%,15.6%,57.5%,0.11%,76.6,51.75,10.2%,1.38,57.55
362,Sandoval,New Mexico,6.3%,14.7%,50.6%,0.21%,79.4,58.45,11.9%,1.60,57.49
363,Manatee,Florida,4.3%,14.9%,52.9%,0.19%,79.5,57.05,12.3%,1.18,57.47
364,Hancock,Maine,6.8%,14.1%,54.5%,0.07%,79.5,62.75,13.7%,1.26,57.40
365,Charlotte,Florida,5.2%,12.7%,55.5%,0.23%,79.3,59.80,12.4%,1.15,57.38
366,Newton,Missouri,4.2%,14.8%,59.1%,0.21%,76.6,53.70,11.2%,1.36,57.29
367,Dauphin,Pennsylvania,4.4%,13.6%,47.3%,0.21%,77.8,52.30,10.1%,1.61,57.22
368,Dodge,Wisconsin,5.4%,9.2%,51.5%,0.28%,78.6,54.00,11.4%,1.50,57.12
369,Solano,California,5.6%,13.1%,47.5%,0.27%,79.0,61.45,11.4%,1.61,57.07
370,Suffolk,Massachusetts,3.9%,21.2%,30.1%,0.09%,79.3,56.90,8.3%,1.24,57.06
371,Nassau,Florida,4.4%,12.6%,55.7%,0.23%,77.4,56.50,13.6%,1.46,56.95
372,Coryell,Texas,4.4%,12.6%,50.4%,0.11%,77.1,56.15,12.9%,1.41,56.94
373,Iredell,North Carolina,5.4%,13.4%,54.5%,0.17%,77.1,52.20,10.1%,1.41,56.92
374,Leavenworth,Kansas,5.1%,10.8%,53.7%,0.24%,78.1,51.10,12.5%,1.73,56.85
375,Cascade,Montana,4.8%,14.4%,52.0%,0.15%,78.3,53.95,12.5%,1.46,56.85
376,Johnson,Missouri,5.4%,17.4%,51.2%,0.15%,77.8,50.95,8.9%,1.57,56.79
377,Licking,Ohio,4.9%,12.4%,54.5%,0.30%,77.6,53.80,11.9%,1.64,56.64
378,Chelan,Washington,7.8%,14.8%,52.8%,0.19%,80.2,58.85,12.6%,1.54,56.52
379,Wagoner,Oklahoma,4.7%,11.3%,57.9%,0.21%,76.7,49.25,12.5%,1.64,56.44
380,Marquette,Michigan,5.8%,16.8%,46.9%,0.13%,79.1,63.10,11.0%,1.40,56.38
381,Otsego,New York,5.6%,16.4%,46.4%,0.16%,79.1,57.05,9.7%,1.41,56.35
382,Tazewell,Illinois,8.0%,9.3%,56.6%,0.29%,78.1,54.55,11.6%,1.65,56.16
383,Lapeer,Michigan,7.7%,11.6%,57.8%,0.32%,77.7,56.20,10.3%,1.49,56.08
384,Cole,Missouri,3.9%,13.6%,49.8%,0.20%,78.2,53.10,13.5%,1.68,55.98
385,Missoula,Montana,4.6%,16.0%,45.6%,0.18%,79.1,65.30,12.6%,1.43,55.83
386,Monroe,Pennsylvania,6.1%,12.5%,49.6%,0.37%,78.7,54.35,9.0%,1.64,55.80
387,Somerset,Pennsylvania,8.2%,12.7%,54.2%,0.16%,78.4,50.10,9.8%,1.47,55.80
388,Yamhill,Oregon,4.9%,16.7%,52.2%,0.28%,79.8,58.05,11.7%,1.41,55.77
389,Saline,Arkansas,3.6%,9.0%,56.0%,0.52%,77.8,52.40,13.7%,1.60,55.60
390,Armstrong,Pennsylvania,8.0%,13.3%,54.3%,0.16%,77.8,52.70,10.4%,1.51,55.59
391,New Castle,Delaware,4.5%,11.3%,45.9%,0.22%,78.2,52.35,11.0%,1.54,55.53
392,Cayuga,New York,5.8%,12.4%,48.0%,0.21%,79.4,55.25,11.4%,1.52,55.50
393,Flagler,Florida,5.4%,16.4%,55.4%,0.24%,79.0,59.75,11.2%,1.21,55.42
394,Warren,New York,6.4%,11.9%,50.1%,0.30%,79.8,58.95,12.2%,1.60,55.30
395,Montgomery,Virginia,4.1%,25.6%,38.9%,0.12%,78.5,58.40,7.5%,1.26,54.81
396,Lake,Florida,4.7%,14.3%,55.9%,0.31%,78.6,57.10,11.0%,1.13,54.80
397,Harris,Texas,4.7%,18.4%,47.2%,0.11%,78.4,52.30,10.0%,1.43,54.66
398,Lee,Florida,4.3%,16.0%,50.6%,0.21%,80.6,58.65,13.2%,1.20,54.56
399,Lamar,Mississippi,4.7%,16.1%,53.6%,0.23%,77.6,48.45,9.5%,1.49,54.50
400,Butler,Ohio,4.9%,13.8%,50.8%,0.29%,77.6,55.20,11.5%,1.69,54.48
401,Tarrant,Texas,3.8%,15.3%,49.8%,0.22%,78.1,51.90,11.9%,1.56,54.48
402,Twin Falls,Idaho,4.0%,15.9%,55.2%,0.25%,77.4,58.20,12.3%,1.30,54.41
403,Beaver,Pennsylvania,6.3%,12.1%,51.1%,0.20%,77.7,52.05,10.2%,1.55,54.38
404,Wilson,Tennessee,3.6%,10.4%,56.6%,0.35%,77.7,46.20,12.9%,1.60,54.33
405,Knox,Ohio,5.4%,15.5%,53.2%,0.21%,77.0,52.85,10.2%,1.52,54.30
406,Brazos,Texas,3.2%,29.3%,37.2%,0.04%,79.5,54.60,7.2%,1.06,54.27
407,Onslow,North Carolina,6.3%,14.7%,54.0%,0.15%,77.5,52.65,9.1%,1.31,54.18
408,Yolo,California,6.6%,20.0%,43.9%,0.17%,80.1,64.35,9.1%,1.41,54.12
409,Madison,Mississippi,4.3%,13.1%,52.4%,0.37%,74.6,50.95,8.6%,1.70,54.08
410,Indiana,Pennsylvania,7.0%,17.2%,49.0%,0.12%,78.2,53.55,7.8%,1.47,53.91
411,Sumner,Tennessee,3.7%,10.2%,56.5%,0.42%,77.5,46.90,11.9%,1.50,53.88
412,Santa Cruz,California,8.8%,15.3%,44.1%,0.16%,80.9,64.00,10.9%,1.38,53.87
413,Columbia,Pennsylvania,5.6%,15.8%,48.2%,0.12%,78.0,50.30,9.6%,1.51,53.87
414,Berkshire,Massachusetts,5.7%,12.7%,45.1%,0.12%,79.8,58.05,13.4%,1.41,53.75
415,Monterey,California,10.8%,17.2%,47.5%,0.25%,81.3,58.25,8.3%,1.45,53.64
416,New Haven,Connecticut,6.4%,12.7%,45.1%,0.21%,79.7,54.80,10.8%,1.52,53.54
417,Miami,Ohio,5.0%,12.8%,54.3%,0.27%,78.3,52.45,12.8%,1.56,53.46
418,Haywood,North Carolina,5.5%,15.8%,56.2%,0.11%,77.8,55.90,12.3%,1.18,53.45
419,Seminole,Florida,4.2%,11.6%,46.1%,0.31%,79.5,56.25,12.6%,1.44,53.40
420,Baltimore,Maryland,5.0%,9.1%,46.5%,0.40%,78.4,52.45,10.0%,1.57,53.37
421,Sutter,California,11.8%,16.8%,53.3%,0.20%,78.3,58.00,10.5%,1.48,53.30
422,Blair,Pennsylvania,5.3%,14.2%,49.5%,0.12%,77.2,53.35,11.1%,1.43,53.06
423,Douglas,Nebraska,3.5%,14.7%,47.3%,0.27%,78.7,51.30,11.2%,1.49,53.00
424,Kennebec,Maine,4.2%,13.5%,49.8%,0.14%,77.5,58.45,15.7%,1.34,52.91
425,Chemung,New York,6.2%,16.0%,48.5%,0.09%,77.9,53.55,10.2%,1.43,52.78
426,Ashland,Ohio,6.3%,15.4%,55.6%,0.25%,77.7,52.85,9.9%,1.45,52.45
427,Lackawanna,Pennsylvania,5.6%,14.2%,46.7%,0.16%,77.3,53.90,9.9%,1.48,52.45
428,Cass,Michigan,4.7%,14.3%,54.7%,0.18%,77.5,52.00,12.5%,1.39,52.37
429,Grundy,Illinois,8.7%,9.3%,53.9%,0.43%,78.1,53.40,10.9%,1.73,52.36
430,Buncombe,North Carolina,4.4%,16.5%,48.2%,0.13%,78.1,60.70,13.0%,1.26,52.28
431,Worcester,Maryland,13.3%,11.1%,50.8%,0.21%,78.9,54.40,12.0%,1.59,52.27
432,Bexar,Texas,3.5%,17.8%,45.7%,0.13%,78.4,53.30,11.9%,1.41,52.25
433,Ionia,Michigan,4.2%,15.4%,51.1%,0.22%,77.3,55.95,12.5%,1.44,52.21
434,Windham,Connecticut,6.7%,11.4%,47.8%,0.17%,78.8,53.05,12.0%,1.61,52.01
435,Bristol,Massachusetts,6.3%,12.7%,46.8%,0.21%,79.0,53.90,10.7%,1.48,51.97
436,Maricopa,Arizona,4.5%,17.1%,47.7%,0.29%,79.9,58.60,12.1%,1.42,51.95
437,Adams,Illinois,5.8%,14.4%,52.5%,0.21%,78.4,55.85,12.1%,1.40,51.94
438,Macomb,Michigan,5.5%,12.8%,50.2%,0.42%,78.2,56.55,11.0%,1.52,51.94
439,Monroe,Florida,3.1%,13.9%,45.6%,0.15%,78.5,59.65,16.9%,1.24,51.82
440,Franklin,Missouri,5.2%,12.5%,57.1%,0.24%,76.5,50.45,10.8%,1.40,51.80
441,Santa Fe,New Mexico,5.2%,16.7%,46.8%,0.15%,80.1,65.60,15.8%,1.38,51.70
442,Jefferson,New York,7.3%,15.0%,53.8%,0.22%,77.8,53.45,9.2%,1.41,51.67
443,Deschutes,Oregon,5.7%,15.0%,54.8%,0.39%,80.1,67.60,13.6%,1.34,51.67
444,Lenawee,Michigan,4.5%,14.5%,50.3%,0.27%,78.2,56.45,12.4%,1.42,51.65
445,Riverside,California,5.9%,16.9%,48.8%,0.29%,79.9,58.10,10.2%,1.41,51.62
446,Kootenai,Idaho,6.1%,13.0%,55.9%,0.40%,79.2,63.95,14.4%,1.42,51.40
447,Palm Beach,Florida,4.5%,14.6%,46.8%,0.23%,80.8,57.00,12.5%,1.22,51.35
448,Cecil,Maryland,5.9%,10.6%,52.8%,0.22%,76.1,52.70,11.6%,1.59,51.29
449,Rankin,Mississippi,4.0%,11.4%,53.9%,0.42%,77.3,49.20,12.2%,1.58,51.25
450,Carbon,Pennsylvania,5.9%,11.1%,53.5%,0.23%,77.1,50.70,10.8%,1.45,51.22
451,Garfield,Oklahoma,4.2%,13.2%,54.6%,0.14%,75.3,50.15,13.3%,1.45,51.19
452,Grady,Oklahoma,4.7%,13.5%,57.6%,0.29%,76.2,50.10,11.9%,1.61,51.01
453,Erie,New York,5.2%,14.7%,44.4%,0.20%,78.0,52.90,10.3%,1.51,50.89
454,Lycoming,Pennsylvania,6.8%,14.8%,49.0%,0.08%,77.9,51.05,10.8%,1.49,50.82
455,Suffolk city,Virginia,5.0%,11.1%,50.8%,0.40%,76.5,51.80,10.6%,1.69,50.65
456,Bannock,Idaho,3.9%,16.1%,50.9%,0.24%,77.6,60.40,13.5%,1.34,50.52
457,Jackson,Georgia,4.5%,15.0%,56.6%,0.45%,76.6,52.10,11.2%,1.54,50.40
458,Black Hawk,Iowa,5.3%,16.6%,46.4%,0.14%,78.7,51.90,10.2%,1.35,50.25
459,Walla Walla,Washington,6.8%,16.7%,47.1%,0.21%,78.9,61.25,11.5%,1.49,50.17
460,Tuolumne,California,7.0%,14.7%,52.1%,0.20%,79.7,61.15,13.2%,1.28,50.16
461,Los Angeles,California,5.5%,18.4%,42.5%,0.24%,80.7,57.50,8.5%,1.24,50.05
462,Leon,Florida,4.2%,23.7%,38.1%,0.14%,78.7,59.15,10.3%,1.21,50.05
463,Alachua,Florida,4.0%,25.4%,36.9%,0.09%,78.1,58.55,10.0%,1.14,50.04
464,Kent,Rhode Island,5.7%,8.8%,49.1%,0.32%,78.5,52.85,12.6%,1.72,50.01
465,Skagit,Washington,7.6%,14.9%,53.7%,0.30%,79.0,61.05,13.3%,1.53,49.87
466,Smith,Texas,4.1%,16.9%,50.9%,0.14%,77.2,51.10,11.7%,1.33,49.84
467,Darke,Ohio,4.9%,13.9%,55.9%,0.27%,78.5,48.55,11.7%,1.37,49.83
468,Charleston,South Carolina,4.5%,18.1%,42.6%,0.11%,77.7,54.80,11.2%,1.40,49.80
469,Bartholomew,Indiana,4.1%,12.8%,54.4%,0.27%,76.9,50.15,13.4%,1.53,49.77
470,Champaign,Illinois,6.1%,22.7%,39.6%,0.14%,79.8,57.50,8.7%,1.34,49.75
471,St. Louis,Minnesota,6.7%,17.0%,47.8%,0.14%,78.7,61.25,11.9%,1.37,49.71
472,Washington,New York,5.7%,13.0%,50.0%,0.36%,78.8,54.85,11.3%,1.46,49.57
473,Victoria,Texas,4.4%,17.6%,49.5%,0.07%,77.3,52.65,13.3%,1.45,49.32
474,Johnston,North Carolina,5.2%,16.4%,55.3%,0.21%,77.1,50.75,10.2%,1.28,49.08
475,Mesa,Colorado,5.4%,15.8%,51.8%,0.33%,78.6,65.20,13.2%,1.41,49.06
476,Effingham,Georgia,5.0%,10.5%,53.8%,0.63%,76.6,53.90,13.1%,1.76,49.02
477,Reno,Kansas,4.5%,12.6%,53.9%,0.23%,77.5,52.85,13.4%,1.33,48.98
478,Hudson,New Jersey,4.3%,17.4%,41.1%,0.25%,79.7,47.85,8.9%,1.45,48.98
479,Oconee,South Carolina,5.8%,18.8%,53.5%,0.07%,76.6,55.30,11.1%,1.26,48.90
480,Indian River,Florida,5.7%,15.4%,51.8%,0.19%,79.7,59.30,13.3%,1.15,48.75
481,Sussex,Delaware,5.4%,13.3%,50.6%,0.21%,78.2,53.05,12.6%,1.44,48.60
482,Northumberland,Pennsylvania,6.4%,14.2%,51.5%,0.11%,77.7,47.75,10.7%,1.38,48.60
483,Lea,New Mexico,7.6%,16.4%,53.3%,0.05%,75.6,45.30,10.4%,1.75,48.51
484,Watauga,North Carolina,5.2%,32.1%,38.6%,0.08%,79.6,56.05,7.2%,0.95,48.44
485,DeSoto,Mississippi,4.5%,9.9%,53.8%,0.52%,76.9,47.50,11.9%,1.59,48.42
486,Yavapai,Arizona,5.0%,16.1%,53.6%,0.22%,78.7,61.00,15.3%,1.18,48.39
487,Hall,Nebraska,4.0%,15.7%,52.1%,0.25%,78.5,48.40,13.2%,1.49,48.39
488,Portage,Ohio,5.8%,16.0%,46.8%,0.27%,78.3,58.45,11.5%,1.55,48.35
489,Berkeley,South Carolina,5.1%,14.5%,50.6%,0.18%,77.4,49.65,11.0%,1.39,48.35
490,Isabella,Michigan,4.4%,31.8%,35.2%,0.13%,78.4,59.50,10.0%,1.17,48.15
491,Porter,Indiana,6.6%,11.4%,53.1%,0.56%,78.0,50.10,11.0%,1.74,47.97
492,Steuben,New York,6.7%,15.9%,50.9%,0.11%,78.2,53.25,12.2%,1.40,47.87
493,Jefferson,Missouri,5.2%,11.1%,54.8%,0.40%,76.1,52.10,12.3%,1.60,47.79
494,Schuylkill,Pennsylvania,6.4%,13.4%,48.7%,0.15%,77.1,50.00,10.4%,1.50,47.72
495,Shiawassee,Michigan,5.4%,15.5%,54.4%,0.34%,76.7,55.45,11.3%,1.44,47.66
496,Crawford,Pennsylvania,5.6%,15.6%,51.9%,0.23%,77.4,53.65,11.5%,1.45,47.52
497,Cape Girardeau,Missouri,4.3%,17.3%,49.3%,0.28%,77.9,50.55,10.4%,1.44,47.46
498,Campbell,Virginia,4.7%,14.8%,53.9%,0.36%,77.9,50.80,11.1%,1.35,47.34
499,Grayson,Texas,3.7%,15.8%,53.0%,0.16%,76.1,52.70,13.7%,1.35,47.19
500,Durham,North Carolina,5.0%,18.1%,42.9%,0.19%,77.8,56.30,10.2%,1.35,47.18
501,Broome,New York,5.9%,17.8%,44.6%,0.18%,78.6,56.95,10.7%,1.38,47.15
502,Washington,Virginia,4.6%,12.3%,55.4%,0.25%,77.1,46.50,11.3%,1.25,47.12
503,Kalamazoo,Michigan,3.6%,19.1%,44.5%,0.27%,77.8,58.35,11.2%,1.37,47.04
504,Androscoggin,Maine,4.1%,16.1%,48.5%,0.16%,77.9,55.90,14.5%,1.31,46.95
505,Monongalia,West Virginia,5.3%,22.8%,36.9%,0.09%,78.5,52.00,9.3%,1.39,46.91
506,Eddy,New Mexico,5.3%,13.0%,50.2%,0.13%,76.3,49.35,13.3%,1.62,46.88
507,Coconino,Arizona,6.0%,23.8%,41.2%,0.11%,78.8,62.55,10.2%,1.19,46.70
508,Anderson,South Carolina,5.0%,16.8%,52.6%,0.09%,76.1,47.85,10.4%,1.25,46.64
509,Craven,North Carolina,6.0%,16.2%,53.3%,0.17%,77.5,50.25,10.7%,1.33,46.57
510,Multnomah,Oregon,4.4%,18.5%,42.2%,0.25%,78.9,64.00,12.7%,1.39,46.57
511,Lawrence,Pennsylvania,7.1%,14.5%,51.5%,0.18%,77.4,51.75,10.7%,1.41,46.49
512,Bullitt,Kentucky,5.2%,10.8%,55.0%,0.35%,77.9,44.90,13.6%,1.66,46.39
513,Niagara,New York,6.5%,13.6%,47.4%,0.19%,77.6,54.25,11.3%,1.46,46.39
514,Taylor,Texas,3.5%,18.0%,48.8%,0.12%,75.8,51.85,11.5%,1.32,46.39
515,Pottawattamie,Iowa,4.3%,13.2%,51.0%,0.22%,77.3,51.60,13.3%,1.39,46.36
516,New Hanover,North Carolina,5.6%,18.1%,45.9%,0.16%,79.0,56.75,11.6%,1.30,46.36
517,Prince Georges,Maryland,4.8%,9.7%,38.4%,0.46%,77.3,52.75,10.4%,1.57,46.33
518,Washington,Oklahoma,4.7%,14.3%,55.0%,0.29%,77.1,50.85,13.5%,1.52,46.33
519,Pierce,Washington,6.6%,12.6%,50.1%,0.35%,78.3,57.00,13.2%,1.62,46.33
520,Yuma,Arizona,15.1%,20.7%,55.8%,0.15%,79.9,48.90,8.6%,1.14,46.28
521,Lorain,Ohio,6.6%,14.6%,50.1%,0.28%,78.2,53.90,11.6%,1.56,46.07
522,Racine,Wisconsin,6.6%,13.3%,49.8%,0.44%,78.7,56.25,11.7%,1.53,46.01
523,District of Columbia,District of Columbia,6.9%,18.2%,26.4%,0.10%,76.4,60.25,9.5%,1.41,45.91
524,Rutherford,Tennessee,3.3%,13.3%,50.1%,0.43%,77.7,48.00,11.9%,1.47,45.85
525,Camden,New Jersey,5.2%,13.1%,45.0%,0.43%,77.7,50.25,9.1%,1.60,45.82
526,Mercer,Pennsylvania,5.6%,14.0%,50.1%,0.22%,77.4,51.20,11.4%,1.44,45.76
527,Elkhart,Indiana,4.2%,16.2%,53.0%,0.35%,78.7,48.90,11.8%,1.34,45.73
528,Lonoke,Arkansas,3.9%,13.2%,57.3%,0.47%,75.9,47.40,12.4%,1.52,45.68
529,Natrona,Wyoming,7.2%,10.3%,51.1%,0.25%,77.0,55.85,15.2%,1.80,45.53
530,Washington,Maryland,6.0%,12.7%,49.5%,0.25%,77.7,50.85,11.6%,1.55,45.49
531,DeKalb,Illinois,6.8%,18.8%,42.1%,0.25%,78.9,58.10,9.2%,1.45,45.32
532,Brevard,Florida,5.2%,14.0%,49.4%,0.24%,78.2,60.60,14.3%,1.27,45.31
533,Hall,Georgia,4.6%,18.8%,52.7%,0.36%,78.8,49.35,10.5%,1.38,45.31
534,Pickens,South Carolina,5.4%,19.4%,46.7%,0.10%,76.6,55.70,9.7%,1.21,45.31
535,Passaic,New Jersey,6.0%,16.4%,44.3%,0.27%,79.8,50.85,7.5%,1.39,45.29
536,Tippecanoe,Indiana,4.6%,22.2%,41.7%,0.18%,78.8,55.05,10.2%,1.25,45.25
537,Guilford,North Carolina,5.7%,17.9%,45.1%,0.14%,78.3,54.85,10.4%,1.24,45.13
538,Walton,Georgia,5.0%,14.7%,56.8%,0.46%,75.8,49.80,10.2%,1.42,45.04
539,Brunswick,North Carolina,7.8%,16.3%,57.3%,0.16%,77.5,54.80,12.2%,1.23,45.04
540,Saline,Kansas,3.9%,17.6%,49.4%,0.18%,77.9,52.75,14.0%,1.40,44.99
541,Herkimer,New York,6.6%,15.9%,49.7%,0.21%,79.2,53.60,11.6%,1.34,44.99
542,Walton,Florida,4.4%,17.7%,51.9%,0.12%,76.8,55.70,15.5%,1.25,44.89
543,St. Charles,Louisiana,5.1%,12.5%,49.3%,0.18%,76.6,46.05,11.4%,1.44,44.83
544,Tuscarawas,Ohio,6.9%,14.3%,55.5%,0.26%,78.2,53.80,12.8%,1.40,44.82
545,Pinal,Arizona,5.5%,16.8%,50.2%,0.28%,80.3,55.50,13.0%,1.33,44.67
546,Denver,Colorado,3.1%,18.3%,39.0%,0.28%,77.8,63.60,12.8%,1.36,44.59
547,Whiteside,Illinois,7.3%,11.9%,53.0%,0.24%,78.3,51.55,12.7%,1.44,44.55
548,Clallam,Washington,8.7%,15.1%,51.2%,0.22%,78.4,67.00,14.4%,1.40,44.41
549,Webb,Texas,4.7%,32.0%,47.3%,0.07%,78.9,42.90,8.1%,1.13,44.35
550,Robertson,Tennessee,3.8%,12.3%,56.8%,0.55%,75.7,43.15,11.8%,1.43,44.28
551,Canyon,Idaho,5.0%,20.4%,54.5%,0.27%,78.5,54.85,12.1%,1.25,44.19
552,Franklin,New York,6.3%,19.7%,45.5%,0.14%,78.4,53.65,10.8%,1.43,44.19
553,Houston,Georgia,5.5%,16.6%,51.6%,0.45%,77.1,54.60,11.3%,1.59,44.16
554,San Patricio,Texas,6.6%,16.3%,51.2%,0.08%,76.6,50.70,11.7%,1.42,44.16
555,Payne,Oklahoma,3.8%,25.3%,41.3%,0.09%,77.4,51.00,8.8%,1.11,44.11
556,Ingham,Michigan,3.8%,22.3%,39.7%,0.31%,78.5,58.40,10.7%,1.30,44.02
557,Dallas,Texas,3.8%,19.3%,45.1%,0.17%,78.1,48.15,10.8%,1.33,43.90
558,Hidalgo,Texas,7.5%,34.6%,51.8%,0.07%,80.3,45.85,6.9%,1.03,43.90
559,Sacramento,California,5.5%,18.1%,45.0%,0.29%,78.9,61.10,12.1%,1.42,43.86
560,Washington,Ohio,7.8%,16.6%,53.7%,0.14%,77.5,52.50,12.1%,1.38,43.78
561,Catawba,North Carolina,5.5%,15.3%,51.7%,0.12%,76.0,48.10,10.9%,1.29,43.72
562,Morgan,Indiana,5.5%,11.9%,57.6%,0.48%,76.9,49.20,12.9%,1.56,43.71
563,Ector,Texas,5.6%,14.6%,49.5%,0.04%,75.1,44.85,12.0%,1.56,43.69
564,Lubbock,Texas,3.2%,20.2%,44.0%,0.07%,76.2,50.60,11.0%,1.30,43.65
565,Venango,Pennsylvania,6.7%,16.0%,53.6%,0.22%,77.1,51.90,11.4%,1.44,43.62
566,Oxford,Maine,5.2%,15.9%,49.0%,0.12%,78.1,56.85,15.5%,1.17,43.60
567,Erie,Pennsylvania,6.3%,16.7%,46.5%,0.20%,77.9,51.30,10.2%,1.45,43.44
568,Tom Green,Texas,4.3%,16.1%,47.7%,0.10%,76.9,52.00,13.4%,1.31,43.44
569,Clearfield,Pennsylvania,7.9%,15.0%,51.3%,0.17%,77.5,53.20,11.6%,1.38,43.41
570,Washington,Arkansas,3.1%,20.7%,49.0%,0.22%,77.9,51.10,11.2%,1.22,43.39
571,Pittsylvania,Virginia,5.1%,14.5%,54.2%,0.25%,76.7,50.70,11.3%,1.23,43.36
572,Oneida,New York,5.4%,16.5%,44.9%,0.21%,78.5,51.60,11.4%,1.44,43.29
573,Berrien,Michigan,5.0%,17.6%,50.4%,0.21%,77.5,52.30,11.7%,1.34,43.23
574,Luzerne,Pennsylvania,6.4%,16.3%,45.8%,0.16%,77.2,51.70,10.2%,1.45,43.20
575,Livingston,Louisiana,4.6%,13.7%,52.8%,0.20%,75.5,46.45,13.7%,1.55,43.17
576,Aroostook,Maine,5.9%,17.1%,53.1%,0.12%,78.3,52.50,12.6%,1.10,43.15
577,Monroe,Indiana,5.5%,24.9%,35.7%,0.15%,79.4,56.75,10.5%,1.23,42.94
578,Allen,Indiana,5.2%,15.5%,49.9%,0.45%,78.2,54.00,12.1%,1.48,42.83
579,Faulkner,Arkansas,4.7%,15.1%,49.2%,0.35%,77.1,52.10,11.5%,1.47,42.80
580,San Joaquin,California,8.8%,19.4%,47.8%,0.21%,78.2,56.20,9.9%,1.41,42.78
581,Bay,Florida,5.0%,14.8%,50.2%,0.17%,76.2,56.65,13.9%,1.29,42.66
582,Pima,Arizona,4.8%,19.0%,45.4%,0.22%,78.9,59.95,13.1%,1.28,42.54
583,Van Zandt,Texas,4.1%,17.1%,54.3%,0.10%,75.3,46.80,13.3%,1.26,42.54
584,Aiken,South Carolina,5.6%,18.4%,49.8%,0.18%,77.2,53.20,11.0%,1.34,42.50
585,Washoe,Nevada,5.3%,15.7%,47.4%,0.27%,77.7,63.40,14.5%,1.42,42.45
586,Cochise,Arizona,6.4%,17.5%,50.5%,0.15%,78.0,57.55,13.7%,1.31,42.32
587,Fulton,New York,6.7%,16.2%,49.0%,0.19%,78.4,53.60,11.6%,1.34,42.26
588,Hampden,Massachusetts,6.3%,17.7%,42.7%,0.16%,78.4,53.80,10.8%,1.36,42.24
589,Berkeley,West Virginia,5.2%,14.6%,52.5%,0.27%,76.4,48.20,12.3%,1.57,42.23
590,San Bernardino,California,5.6%,19.2%,45.6%,0.28%,78.3,56.80,10.2%,1.35,42.17
591,Franklin,Washington,9.7%,19.6%,50.7%,0.29%,78.9,48.20,9.8%,1.72,42.15
592,Catoosa,Georgia,5.3%,13.1%,56.3%,0.56%,77.8,45.15,12.4%,1.47,42.05
593,Spokane,Washington,7.4%,15.6%,49.5%,0.32%,78.5,59.45,13.3%,1.54,41.87
594,Sangamon,Illinois,6.2%,14.9%,48.2%,0.24%,77.6,54.50,13.4%,1.63,41.85
595,Campbell,Kentucky,4.8%,14.0%,47.7%,0.34%,76.8,53.65,12.6%,1.58,41.85
596,Madison,Alabama,5.6%,13.4%,50.1%,0.38%,77.3,50.20,12.1%,1.67,41.81
597,Cambria,Pennsylvania,6.9%,14.9%,49.3%,0.19%,77.1,50.80,10.4%,1.40,41.78
598,Blount,Tennessee,4.3%,14.4%,56.1%,0.38%,77.1,47.65,12.3%,1.28,41.73
599,Woodbury,Iowa,4.4%,15.5%,49.0%,0.22%,77.9,48.05,11.9%,1.29,41.69
600,Harrisonburg city,Virginia,4.6%,32.5%,28.7%,0.11%,78.1,50.80,6.1%,1.08,41.63
601,St. Joseph,Michigan,3.7%,17.8%,53.8%,0.29%,76.5,50.85,12.5%,1.34,41.54
602,Nueces,Texas,5.1%,17.7%,45.5%,0.09%,77.8,52.65,13.2%,1.35,41.51
603,Spartanburg,South Carolina,5.2%,18.3%,49.8%,0.12%,75.7,49.35,10.3%,1.28,41.43
604,Rock,Wisconsin,5.9%,14.9%,50.5%,0.30%,78.5,55.60,13.4%,1.39,41.36
605,Kings,New York,6.0%,23.4%,40.0%,0.08%,79.9,48.85,7.2%,1.08,41.28
606,Madison,Illinois,7.2%,13.9%,50.5%,0.31%,77.0,55.90,12.1%,1.51,41.27
607,Henry,Georgia,5.8%,12.8%,50.6%,0.86%,77.0,54.00,12.4%,1.60,41.06
608,Pender,North Carolina,6.3%,18.0%,53.2%,0.18%,77.6,51.85,11.6%,1.26,40.92
609,Barrow,Georgia,4.8%,13.5%,53.5%,0.54%,76.2,49.25,11.3%,1.41,40.91
610,Forsyth,North Carolina,5.5%,19.1%,46.9%,0.16%,78.0,51.70,10.8%,1.28,40.89
611,Richland,South Carolina,5.2%,17.2%,39.1%,0.19%,77.4,52.05,10.3%,1.36,40.86
612,McLennan,Texas,3.7%,21.5%,46.1%,0.10%,77.2,50.10,11.7%,1.21,40.66
613,Cameron,Texas,6.8%,34.8%,49.4%,0.11%,79.7,48.65,8.3%,1.00,40.61
614,Penobscot,Maine,4.9%,16.9%,48.3%,0.17%,77.8,55.15,13.5%,1.24,40.58
615,Harrison,Texas,5.4%,16.3%,50.8%,0.14%,75.7,49.75,12.3%,1.40,40.45
616,El Paso,Texas,4.7%,23.4%,47.4%,0.24%,79.7,51.20,10.8%,1.23,40.39
617,Summit,Ohio,5.7%,14.7%,47.7%,0.41%,77.6,55.35,11.9%,1.46,40.25
618,Georgetown,South Carolina,8.3%,21.1%,49.9%,0.10%,75.9,55.20,9.3%,1.22,40.13
619,Stanly,North Carolina,5.3%,16.6%,51.6%,0.11%,76.2,48.45,11.8%,1.20,40.09
620,Carteret,North Carolina,6.5%,15.2%,52.5%,0.14%,77.0,52.65,13.7%,1.33,40.07
621,St. Lawrence,New York,6.7%,19.7%,44.8%,0.17%,77.6,54.15,9.5%,1.34,39.97
622,Lafourche,Louisiana,5.8%,14.6%,49.6%,0.18%,76.7,44.05,11.4%,1.44,39.94
623,Greene,Missouri,3.9%,19.1%,47.5%,0.24%,77.3,57.05,13.2%,1.26,39.94
624,Sedgwick,Kansas,4.8%,15.1%,50.4%,0.32%,77.6,49.00,12.6%,1.47,39.92
625,Davidson,North Carolina,5.4%,16.1%,53.5%,0.14%,76.6,45.90,12.1%,1.23,39.79
626,Erie,Ohio,7.1%,12.7%,51.3%,0.33%,77.5,52.50,12.3%,1.47,39.79
627,Mason,Washington,8.5%,17.1%,51.5%,0.27%,78.8,57.85,14.9%,1.48,39.79
628,Orange,Florida,4.2%,17.8%,43.0%,0.35%,79.1,54.00,11.3%,1.18,39.73
629,Otero,New Mexico,5.5%,22.0%,50.4%,0.13%,77.6,53.75,12.8%,1.28,39.55
630,Madera,California,9.9%,23.2%,47.6%,0.17%,78.7,52.70,8.3%,1.25,39.47
631,Baldwin,Alabama,6.1%,13.8%,55.0%,0.46%,77.7,51.85,12.5%,1.38,39.41
632,Cattaraugus,New York,6.4%,17.7%,49.5%,0.13%,77.0,52.50,11.7%,1.31,39.41
633,Alamance,North Carolina,5.3%,18.8%,49.5%,0.13%,77.4,51.15,11.5%,1.14,39.40
634,Montgomery,Tennessee,4.5%,16.3%,54.8%,0.44%,75.9,47.30,11.6%,1.44,39.37
635,Kent,Delaware,5.0%,12.9%,48.6%,0.28%,76.7,46.60,11.6%,1.45,39.34
636,Vernon,Louisiana,6.7%,13.2%,56.2%,0.35%,76.1,47.45,10.9%,1.41,39.28
637,Tuscola,Michigan,6.8%,15.3%,55.6%,0.27%,77.0,50.30,11.6%,1.35,39.28
638,Kenosha,Wisconsin,6.2%,15.3%,48.2%,0.41%,78.1,55.55,12.0%,1.45,39.20
639,Bernalillo,New Mexico,5.5%,18.6%,44.1%,0.18%,78.6,57.30,13.8%,1.36,39.10
640,Stanislaus,California,9.4%,20.3%,48.7%,0.21%,78.3,55.90,10.6%,1.32,39.08
641,Salem,New Jersey,6.1%,13.5%,48.1%,0.40%,76.4,50.45,10.4%,1.57,39.07
642,La Salle,Illinois,8.6%,12.9%,50.2%,0.33%,77.4,53.15,11.9%,1.50,38.99
643,Liberty,Georgia,6.1%,18.2%,55.6%,0.51%,76.4,53.50,9.6%,1.29,38.81
644,Randolph,North Carolina,5.5%,18.0%,53.8%,0.16%,76.5,49.30,11.5%,1.15,38.80
645,Marion,Oregon,5.5%,19.1%,49.6%,0.37%,78.4,59.25,12.7%,1.34,38.78
646,St. Clair,Michigan,6.9%,15.2%,53.2%,0.31%,76.7,57.20,12.7%,1.37,38.77
647,Curry,New Mexico,4.6%,19.9%,49.9%,0.15%,77.3,49.25,12.2%,1.28,38.74
648,Grant,Washington,10.2%,19.4%,52.4%,0.26%,78.3,49.60,10.5%,1.46,38.71
649,Sandusky,Ohio,5.9%,14.7%,51.8%,0.23%,76.8,50.00,12.7%,1.43,38.65
650,Lincoln,Missouri,5.6%,15.1%,53.7%,0.30%,76.8,49.30,13.3%,1.54,38.64
651,Pasco,Florida,5.1%,14.3%,51.7%,0.27%,77.3,54.45,13.3%,1.15,38.55
652,Hillsborough,Florida,4.3%,17.2%,45.2%,0.27%,78.0,53.35,12.5%,1.29,38.53
653,Floyd,Indiana,4.9%,12.8%,50.7%,0.42%,76.6,48.45,13.1%,1.56,38.52
654,Chautauqua,New York,6.1%,19.4%,47.5%,0.16%,78.1,54.05,11.9%,1.28,38.40
655,Daviess,Kentucky,5.6%,15.8%,52.7%,0.27%,76.6,52.65,13.0%,1.40,38.38
656,Maverick,Texas,12.3%,29.9%,52.6%,0.03%,78.4,41.05,7.3%,0.98,38.35
657,Elmore,Alabama,5.4%,12.9%,51.7%,0.64%,75.7,49.75,11.5%,1.51,38.34
658,Sullivan,New York,5.7%,18.0%,45.4%,0.22%,77.1,53.25,10.4%,1.35,38.32
659,Humboldt,California,5.3%,20.8%,40.8%,0.08%,76.9,63.95,13.0%,1.14,38.20
660,Rock Island,Illinois,7.8%,14.5%,48.5%,0.20%,78.2,52.75,13.4%,1.42,37.98
661,Franklin,North Carolina,5.7%,15.4%,52.8%,0.25%,76.9,46.50,9.8%,1.10,37.93
662,Fulton,Georgia,5.6%,17.8%,38.8%,0.50%,77.2,59.45,11.0%,1.50,37.89
663,Orange,Texas,6.1%,14.8%,53.8%,0.15%,73.9,48.10,13.1%,1.41,37.86
664,Pickaway,Ohio,5.6%,12.8%,51.4%,0.33%,76.3,44.45,12.5%,1.63,37.80
665,Stark,Ohio,6.4%,15.0%,49.8%,0.37%,78.1,54.45,12.7%,1.43,37.65
666,Limestone,Alabama,5.8%,14.1%,55.2%,0.44%,77.1,45.95,11.8%,1.42,37.60
667,Hunt,Texas,4.1%,19.6%,50.7%,0.10%,75.5,49.30,13.1%,1.19,37.53
668,Essex,New Jersey,5.6%,17.2%,39.3%,0.25%,77.9,49.75,8.8%,1.32,37.51
669,Montcalm,Michigan,5.6%,18.9%,51.9%,0.24%,77.7,55.50,13.2%,1.26,37.39
670,Pinellas,Florida,4.3%,14.3%,44.1%,0.26%,77.6,57.40,15.9%,1.17,37.36
671,Bay,Michigan,5.6%,15.6%,50.2%,0.33%,77.6,50.70,11.9%,1.40,37.33
672,Kershaw,South Carolina,5.7%,17.8%,52.0%,0.22%,75.9,51.35,11.1%,1.28,36.97
673,Lane,Oregon,5.3%,20.4%,45.5%,0.26%,79.3,67.35,14.1%,1.18,36.90
674,Merced,California,12.6%,25.6%,46.4%,0.12%,78.6,51.85,9.4%,1.21,36.88
675,Bossier,Louisiana,5.0%,13.6%,48.8%,0.44%,77.2,51.25,12.8%,1.47,36.85
676,Pope,Arkansas,5.1%,18.9%,51.7%,0.18%,76.6,50.05,12.0%,1.25,36.84
677,Shawnee,Kansas,4.5%,16.3%,49.6%,0.46%,77.6,53.25,14.0%,1.44,36.65
678,Rusk,Texas,5.0%,17.0%,48.4%,0.09%,76.0,47.45,13.6%,1.41,36.60
679,San Juan,New Mexico,7.7%,21.5%,46.6%,0.19%,76.8,55.15,11.0%,1.47,36.57
680,Autauga,Alabama,5.6%,12.8%,54.3%,0.76%,76.1,50.20,12.9%,1.46,36.56
681,Tulare,California,12.1%,27.4%,48.8%,0.17%,78.0,52.30,9.2%,1.28,36.27
682,Granville,North Carolina,4.9%,15.8%,45.6%,0.29%,76.5,49.10,10.7%,1.39,36.27
683,Polk,Florida,5.3%,18.5%,49.0%,0.21%,78.1,51.40,12.0%,1.19,36.24
684,Hardin,Kentucky,5.5%,14.9%,53.8%,0.39%,76.3,49.35,13.5%,1.54,36.18
685,Seneca,Ohio,5.8%,17.1%,50.0%,0.29%,78.0,48.35,11.9%,1.42,36.12
686,Dona Ana,New Mexico,7.1%,27.8%,46.8%,0.19%,78.7,55.15,10.4%,1.19,36.08
687,Horry,South Carolina,7.4%,18.9%,49.4%,0.17%,77.0,57.15,11.6%,1.17,36.02
688,Henderson,Texas,4.5%,19.8%,53.9%,0.12%,74.9,47.45,13.0%,1.18,36.00
689,Franklin,Ohio,4.4%,18.0%,42.6%,0.39%,77.0,52.65,12.0%,1.52,35.76
690,Nacogdoches,Texas,4.4%,24.3%,43.9%,0.10%,75.1,49.30,9.6%,1.12,35.72
691,Fresno,California,10.5%,27.4%,45.0%,0.18%,78.6,54.65,9.7%,1.25,35.70
692,Huron,Ohio,9.3%,13.9%,53.3%,0.32%,77.4,49.25,12.9%,1.52,35.67
693,Wichita,Texas,4.3%,16.7%,45.5%,0.24%,75.1,54.05,12.4%,1.31,35.66
694,Hamilton,Ohio,4.7%,18.4%,42.9%,0.36%,76.9,52.75,11.2%,1.45,35.60
695,Peoria,Illinois,8.2%,17.0%,46.9%,0.32%,77.2,54.65,11.0%,1.49,35.42
696,Fayette,Kentucky,4.3%,19.3%,43.3%,0.28%,78.1,52.50,12.9%,1.41,35.39
697,Broward,Florida,4.4%,14.6%,43.5%,0.37%,79.5,52.65,13.4%,1.15,35.33
698,Lewis,Washington,8.8%,16.8%,53.0%,0.31%,78.2,56.25,13.4%,1.30,35.33
699,Citrus,Florida,6.6%,17.3%,54.6%,0.21%,76.5,57.00,13.7%,1.09,35.28
700,Highlands,Florida,6.1%,19.2%,53.1%,0.15%,77.9,51.05,12.9%,1.01,35.25
701,Jackson,Oregon,6.3%,17.8%,49.9%,0.31%,78.6,65.30,15.9%,1.19,35.19
702,Jackson,Michigan,4.9%,17.5%,47.7%,0.34%,78.0,55.60,14.0%,1.35,35.16
703,Tulsa,Oklahoma,4.5%,15.8%,48.4%,0.25%,76.3,50.55,14.0%,1.43,35.15
704,Cook,Illinois,6.9%,17.2%,42.0%,0.64%,78.4,53.45,8.9%,1.39,34.86
705,Somerset,Maine,6.6%,17.1%,52.5%,0.15%,77.1,54.05,14.9%,1.16,34.70
706,St. Lucie,Florida,5.2%,18.4%,49.7%,0.28%,79.0,54.15,13.3%,1.10,34.69
707,St. Joseph,Indiana,5.4%,17.6%,46.6%,0.30%,77.6,53.35,11.6%,1.30,34.67
708,Lee,North Carolina,6.9%,18.7%,50.5%,0.16%,76.2,49.25,10.5%,1.29,34.58
709,Knox,Tennessee,3.6%,15.3%,48.8%,0.33%,76.8,42.90,12.3%,1.31,34.57
710,Kern,California,10.9%,23.4%,46.8%,0.19%,77.4,53.25,10.0%,1.37,34.48
711,Lafayette,Louisiana,5.7%,16.3%,44.4%,0.23%,76.7,50.50,11.6%,1.44,34.48
712,Gregg,Texas,5.2%,19.2%,47.5%,0.10%,74.9,49.90,12.4%,1.36,34.46
713,Hernando,Florida,6.0%,16.0%,53.1%,0.27%,76.9,54.95,12.7%,1.04,34.40
714,Crawford,Arkansas,4.7%,18.8%,58.0%,0.25%,75.3,47.65,12.6%,1.24,34.36
715,Atlantic,New Jersey,7.7%,15.2%,45.1%,0.49%,77.3,56.80,10.9%,1.40,34.27
716,Marion,Florida,5.7%,18.3%,50.8%,0.20%,77.3,56.30,14.0%,1.08,34.10
717,Surry,North Carolina,5.7%,19.8%,54.6%,0.14%,75.6,46.30,11.3%,1.04,34.10
718,Marion,West Virginia,8.1%,16.7%,50.4%,0.11%,76.7,44.90,11.8%,1.31,34.09
719,Jasper,Missouri,4.1%,17.8%,50.6%,0.27%,76.3,51.50,13.8%,1.29,33.94
720,Harnett,North Carolina,6.5%,18.2%,51.0%,0.19%,76.0,48.65,10.6%,1.27,33.91
721,Warren,Kentucky,5.1%,19.1%,47.0%,0.32%,77.3,50.75,10.7%,1.34,33.82
722,Van Buren,Michigan,6.4%,19.2%,52.7%,0.24%,76.6,53.30,12.8%,1.38,33.80
723,Clark,Indiana,4.8%,11.6%,49.7%,0.52%,76.3,48.50,14.2%,1.50,33.76
724,Harrison,West Virginia,7.8%,16.0%,52.8%,0.13%,75.8,47.60,12.7%,1.33,33.73
725,Mendocino,California,5.9%,20.2%,44.4%,0.11%,77.5,61.65,16.2%,1.14,33.67
726,Douglas,Oregon,6.9%,19.7%,53.3%,0.24%,77.4,60.25,14.5%,1.16,33.53
727,Oswego,New York,7.3%,18.5%,46.8%,0.23%,78.0,52.95,11.9%,1.39,33.47
728,Kankakee,Illinois,8.1%,15.9%,47.4%,0.29%,77.3,50.90,11.0%,1.44,33.44
729,Rowan,North Carolina,5.9%,19.1%,49.9%,0.10%,75.9,47.60,11.3%,1.16,33.31
730,Linn,Oregon,6.3%,19.5%,52.9%,0.33%,77.7,57.80,13.4%,1.23,33.31
731,Kenton,Kentucky,5.2%,14.3%,47.0%,0.41%,76.4,52.05,13.8%,1.59,33.25
732,East Baton Rouge,Louisiana,4.7%,19.3%,39.4%,0.20%,76.0,51.60,11.3%,1.31,33.08
733,Buchanan,Missouri,4.6%,17.7%,45.1%,0.19%,76.2,49.70,13.5%,1.42,32.77
734,Kings,California,11.3%,22.7%,46.3%,0.21%,78.6,51.60,10.5%,1.34,32.75
735,Lyon,Nevada,8.3%,14.9%,51.8%,0.27%,77.0,55.75,16.3%,1.37,32.74
736,Creek,Oklahoma,5.4%,15.4%,54.7%,0.25%,73.9,47.60,12.9%,1.28,32.65
737,Cowlitz,Washington,8.0%,18.4%,51.3%,0.29%,77.2,55.70,13.3%,1.44,32.65
738,Umatilla,Oregon,6.4%,17.1%,48.3%,0.23%,77.5,55.65,14.6%,1.36,32.61
739,Tehama,California,7.9%,18.6%,51.5%,0.25%,77.2,59.25,13.1%,1.21,32.59
740,Navajo,Arizona,8.8%,30.7%,44.6%,0.08%,75.3,61.10,10.7%,1.05,32.41
741,Wilkes,North Carolina,5.7%,24.3%,55.8%,0.20%,76.0,47.15,10.7%,0.93,32.29
742,Pitt,North Carolina,5.9%,24.0%,40.0%,0.14%,77.0,48.85,8.7%,1.18,32.16
743,Liberty,Texas,6.8%,18.3%,51.1%,0.07%,74.1,47.55,11.9%,1.27,31.96
744,White,Arkansas,6.3%,18.1%,56.0%,0.36%,76.0,47.35,11.1%,1.32,31.84
745,Wicomico,Maryland,7.2%,17.4%,44.2%,0.29%,76.4,52.30,9.8%,1.41,31.83
746,Cherokee,Texas,5.0%,23.2%,50.4%,0.11%,75.9,44.35,12.0%,1.18,31.80
747,Providence,Rhode Island,6.6%,18.0%,40.6%,0.25%,78.8,49.25,11.1%,1.34,31.66
748,Dickson,Tennessee,4.2%,14.5%,53.7%,0.43%,75.8,45.30,13.2%,1.20,31.66
749,Washington,Tennessee,4.5%,17.9%,51.4%,0.29%,76.9,41.90,12.4%,1.26,31.51
750,Blount,Alabama,6.0%,17.3%,58.7%,0.27%,75.9,40.35,11.8%,1.24,31.50
751,Lancaster,South Carolina,6.1%,21.0%,47.0%,0.13%,76.5,52.30,12.9%,1.32,31.15
752,Carson City,Nevada,6.7%,17.1%,45.9%,0.25%,76.5,61.85,17.0%,1.41,31.14
753,Williamson,Illinois,7.7%,15.2%,53.7%,0.39%,76.3,53.80,13.2%,1.35,31.00
754,Belmont,Ohio,8.4%,14.5%,50.8%,0.23%,76.5,48.10,12.3%,1.36,31.00
755,Chaves,New Mexico,6.1%,21.9%,48.2%,0.12%,76.1,50.60,12.1%,1.27,30.96
756,Calhoun,Michigan,4.6%,17.2%,47.0%,0.27%,75.7,55.65,14.6%,1.28,30.93
757,Duplin,North Carolina,6.2%,26.9%,48.7%,0.09%,76.6,40.85,9.5%,1.01,30.82
758,Wood,West Virginia,7.3%,16.8%,52.4%,0.12%,76.2,46.35,13.5%,1.29,30.70
759,Tipton,Tennessee,5.5%,13.1%,52.3%,0.59%,75.3,41.80,12.3%,1.43,30.60
760,Florence,South Carolina,6.1%,20.5%,45.2%,0.18%,73.9,50.35,9.4%,1.29,30.59
761,Douglas,Georgia,5.9%,16.2%,48.7%,0.76%,76.7,54.25,12.5%,1.40,30.54
762,Muskegon,Michigan,5.1%,20.3%,47.3%,0.22%,77.3,53.70,13.7%,1.28,30.45
763,Anderson,Texas,4.1%,18.2%,44.6%,0.11%,74.6,49.50,15.6%,1.26,30.33
764,Greenwood,South Carolina,5.6%,24.5%,44.5%,0.13%,76.1,51.05,10.5%,1.09,30.26
765,Pueblo,Colorado,4.7%,19.3%,46.1%,0.36%,76.9,59.95,14.3%,1.23,30.12
766,Hamilton,Tennessee,4.2%,16.0%,48.3%,0.70%,77.2,44.35,12.6%,1.35,30.05
767,St. Clair,Alabama,5.7%,16.1%,55.4%,0.34%,75.4,43.45,13.5%,1.43,29.73
768,DeKalb,Georgia,5.6%,19.6%,38.2%,0.68%,78.5,56.65,12.2%,1.35,29.72
769,Allen,Ohio,5.3%,18.4%,47.7%,0.24%,77.1,47.90,12.8%,1.37,29.66
770,Hoke,North Carolina,7.4%,22.2%,49.4%,0.10%,76.4,48.25,11.5%,1.23,29.55
771,Lee,Alabama,5.5%,23.6%,44.0%,0.51%,77.5,53.60,9.8%,1.26,29.39
772,Josephine,Oregon,7.2%,19.7%,51.5%,0.25%,77.3,63.60,15.9%,1.04,29.39
773,Imperial,California,18.6%,23.4%,45.7%,0.23%,80.1,45.65,9.5%,1.16,29.34
774,Gaston,North Carolina,5.7%,18.1%,48.7%,0.12%,75.0,48.90,12.0%,1.11,29.33
775,Osceola,Florida,4.9%,18.3%,46.8%,0.45%,79.2,50.20,12.3%,1.11,29.09
776,Clark,Nevada,5.6%,15.7%,45.1%,0.36%,78.1,51.20,13.7%,1.38,29.03
777,Saginaw,Michigan,5.3%,18.1%,46.1%,0.50%,77.2,53.55,12.0%,1.29,28.80
778,Coos,Oregon,6.9%,18.0%,49.4%,0.22%,76.5,63.35,16.4%,1.10,28.77
779,Rockdale,Georgia,6.0%,15.9%,47.1%,0.82%,77.8,52.30,12.7%,1.39,28.73
780,Comanche,Oklahoma,4.5%,18.0%,46.6%,0.27%,75.2,51.30,13.8%,1.41,28.68
781,Starr,Texas,13.9%,38.9%,48.6%,0.02%,76.9,36.35,8.4%,0.78,28.54
782,Escambia,Florida,4.9%,17.1%,41.7%,0.19%,75.8,53.25,13.9%,1.23,28.52
783,McKinley,New Mexico,8.7%,36.6%,33.8%,0.05%,74.9,53.75,7.2%,0.89,28.46
784,Bowie,Texas,4.4%,19.4%,46.5%,0.15%,75.4,47.55,13.8%,1.28,28.42
785,Clarke,Georgia,5.4%,35.7%,30.2%,0.31%,77.9,52.40,8.0%,0.94,28.34
786,Coffee,Tennessee,4.2%,21.3%,54.3%,0.25%,75.0,44.60,13.2%,1.17,28.24
787,Pottawatomie,Oklahoma,4.4%,18.6%,52.3%,0.29%,74.6,46.45,13.7%,1.35,28.22
788,Athens,Ohio,6.8%,31.6%,34.4%,0.11%,75.9,52.85,9.6%,1.07,28.07
789,Columbiana,Ohio,7.0%,16.2%,52.0%,0.38%,77.2,49.10,13.0%,1.38,27.98
790,Lafayette,Mississippi,4.9%,26.1%,33.8%,0.20%,76.3,47.00,9.1%,1.15,27.97
791,Volusia,Florida,4.9%,17.6%,46.7%,0.31%,77.1,56.85,14.9%,1.08,27.92
792,Jefferson,Louisiana,5.0%,16.8%,43.8%,0.22%,76.8,47.45,12.4%,1.20,27.71
793,Bartow,Georgia,5.3%,16.3%,53.8%,0.54%,75.6,49.95,13.4%,1.28,27.70
794,Laurens,South Carolina,5.8%,21.0%,46.2%,0.11%,74.0,48.65,11.2%,1.15,27.65
795,Shasta,California,7.8%,18.0%,48.2%,0.25%,76.5,60.50,14.8%,1.24,27.56
796,Allegany,Maryland,7.6%,17.3%,44.1%,0.22%,77.0,53.05,11.6%,1.20,27.53
797,Oklahoma,Oklahoma,4.0%,18.5%,46.9%,0.30%,75.7,46.70,13.3%,1.39,27.44
798,Valencia,New Mexico,6.8%,24.8%,49.1%,0.20%,77.1,54.05,12.7%,1.18,27.29
799,Cumberland,Tennessee,6.3%,16.4%,57.7%,0.33%,77.3,46.65,14.3%,1.15,27.08
800,Butte,California,7.2%,21.5%,42.9%,0.21%,77.2,60.50,13.2%,1.19,26.99
801,Burke,North Carolina,5.7%,20.7%,48.3%,0.10%,75.6,45.70,11.9%,1.07,26.92
802,DeKalb,Alabama,6.8%,20.1%,55.0%,0.19%,74.7,41.25,11.5%,1.16,26.57
803,Yuba,California,9.5%,22.2%,48.8%,0.18%,76.4,55.90,13.7%,1.30,26.57
804,Potter,Texas,3.1%,22.4%,43.8%,0.09%,74.7,46.20,14.0%,1.10,26.54
805,Newport News city,Virginia,5.6%,15.2%,41.5%,0.38%,76.6,51.75,12.1%,1.29,26.54
806,Apache,Arizona,11.5%,35.9%,34.7%,0.05%,73.0,54.00,9.1%,0.97,26.29
807,Trumbull,Ohio,7.5%,17.3%,48.9%,0.36%,76.8,54.10,13.2%,1.36,26.23
808,Klamath,Oregon,8.4%,18.6%,51.5%,0.30%,76.6,61.65,15.6%,1.14,26.13
809,Angelina,Texas,5.5%,20.0%,50.0%,0.18%,75.1,47.70,13.0%,1.25,26.11
810,Jefferson,Kentucky,5.3%,16.7%,44.1%,0.39%,76.7,51.50,13.4%,1.41,26.08
811,Kanawha,West Virginia,6.7%,15.0%,48.6%,0.15%,74.6,46.40,15.0%,1.38,26.08
812,Jefferson,Tennessee,5.4%,16.6%,54.5%,0.42%,75.5,43.15,12.8%,1.23,25.89
813,Walker,Texas,5.0%,25.4%,38.6%,0.01%,76.9,50.05,13.6%,1.09,25.87
814,Coles,Illinois,7.2%,22.9%,40.8%,0.26%,77.0,56.25,10.7%,1.15,25.83
815,St. Clair,Illinois,7.3%,17.8%,45.4%,0.42%,76.6,51.85,11.2%,1.42,25.74
816,Maury,Tennessee,3.9%,16.1%,51.0%,0.65%,75.9,43.55,14.9%,1.29,25.74
817,Glynn,Georgia,5.7%,19.7%,49.2%,0.61%,75.9,54.35,12.6%,1.37,25.71
818,Craighead,Arkansas,3.9%,21.5%,48.9%,0.32%,75.7,47.35,12.9%,1.28,25.66
819,Winnebago,Illinois,7.9%,17.5%,47.8%,0.46%,77.5,54.20,12.9%,1.37,25.57
820,Gila,Arizona,7.5%,22.4%,50.7%,0.18%,76.0,57.05,14.5%,1.09,25.48
821,Duval,Florida,4.8%,17.4%,43.7%,0.31%,76.3,53.85,13.9%,1.25,25.48
822,Lynchburg city,Virginia,5.1%,24.6%,36.4%,0.31%,77.0,49.35,9.4%,1.13,25.39
823,Sumter,South Carolina,6.5%,18.5%,44.7%,0.21%,75.5,47.70,10.5%,1.24,25.38
824,Taney,Missouri,14.9%,20.2%,50.1%,0.18%,78.3,52.15,15.4%,1.15,25.33
825,Rockingham,North Carolina,6.3%,18.8%,50.1%,0.17%,75.4,45.40,12.0%,1.12,25.09
826,Caldwell,North Carolina,6.0%,20.5%,50.4%,0.10%,75.4,49.40,13.9%,0.99,25.06
827,Cuyahoga,Ohio,5.7%,18.5%,40.6%,0.45%,77.4,53.95,12.4%,1.31,25.00
828,Bronx,New York,8.1%,30.5%,30.3%,0.13%,78.1,43.85,9.4%,0.79,24.91
829,Roane,Tennessee,5.3%,17.2%,54.2%,0.29%,75.4,43.70,14.7%,1.24,24.82
830,Vermilion,Louisiana,7.2%,17.3%,50.0%,0.24%,75.9,47.00,13.4%,1.43,24.81
831,Davidson,Tennessee,3.3%,18.8%,40.2%,0.42%,76.4,47.95,12.5%,1.26,24.78
832,Sebastian,Arkansas,4.5%,22.5%,50.2%,0.24%,76.0,48.40,14.1%,1.19,24.63
833,Anderson,Tennessee,4.5%,17.1%,50.4%,0.38%,75.8,47.50,14.0%,1.22,24.61
834,Chatham,Georgia,5.4%,19.3%,40.6%,0.52%,76.8,56.65,12.9%,1.30,24.57
835,Richland,Ohio,6.5%,16.3%,48.8%,0.36%,77.2,49.15,13.1%,1.32,24.45
836,Sullivan,Tennessee,4.8%,18.0%,53.6%,0.32%,76.3,39.15,14.1%,1.17,24.38
837,Cullman,Alabama,5.8%,18.0%,57.1%,0.43%,75.0,43.25,12.3%,1.19,24.24
838,Terrebonne,Louisiana,6.5%,18.1%,48.3%,0.27%,74.8,43.15,11.5%,1.42,24.18
839,Marion,Ohio,5.8%,19.1%,48.2%,0.21%,76.7,46.95,13.9%,1.32,24.17
840,Yakima,Washington,10.3%,22.5%,48.6%,0.41%,77.6,50.10,10.7%,1.31,24.08
841,Hawkins,Tennessee,5.2%,17.0%,56.5%,0.32%,74.9,41.70,13.8%,1.11,24.03
842,Gordon,Georgia,5.4%,20.4%,54.5%,0.49%,75.1,48.05,12.3%,1.23,23.91
843,Bulloch,Georgia,5.5%,33.1%,37.5%,0.43%,76.1,53.75,8.0%,1.07,23.84
844,Jackson,Illinois,6.7%,32.3%,36.3%,0.26%,77.3,53.25,9.8%,0.99,23.70
845,Madison,Kentucky,4.9%,21.7%,45.0%,0.32%,76.5,49.35,12.3%,1.30,23.70
846,Cleveland,North Carolina,6.3%,20.1%,49.1%,0.20%,74.8,47.45,10.9%,1.08,23.63
847,Morgan,Alabama,6.1%,15.1%,51.8%,0.39%,75.4,47.90,14.2%,1.34,23.48
848,Lake,California,7.4%,24.3%,46.0%,0.13%,75.7,59.80,15.2%,0.98,23.45
849,Cumberland,North Carolina,7.1%,17.4%,47.3%,0.23%,75.7,49.15,11.9%,1.23,23.36
850,Christian,Kentucky,6.7%,20.4%,51.1%,0.26%,75.0,47.45,10.9%,1.15,22.97
851,Darlington,South Carolina,7.2%,25.1%,45.6%,0.16%,73.1,50.25,10.2%,1.09,22.97
852,Jefferson,Texas,6.4%,21.3%,43.1%,0.13%,75.8,52.40,13.5%,1.22,22.97
853,Lawrence,Ohio,6.0%,17.4%,49.1%,0.24%,75.2,47.55,14.2%,1.36,22.95
854,Jefferson,Ohio,9.1%,17.5%,49.5%,0.24%,74.8,49.05,12.0%,1.29,22.85
855,Jackson,Missouri,5.4%,17.5%,43.6%,0.37%,76.4,51.80,13.3%,1.32,22.68
856,Vanderburgh,Indiana,4.9%,16.2%,45.7%,0.41%,76.8,48.95,14.7%,1.29,22.65
857,Miami-Dade,Florida,5.3%,20.5%,41.2%,0.43%,80.5,47.45,12.5%,1.02,22.59
858,Pulaski,Arkansas,4.1%,16.9%,43.8%,0.62%,76.0,49.00,14.0%,1.33,22.55
859,Rutherford,North Carolina,8.3%,21.0%,52.1%,0.12%,75.5,46.75,13.0%,1.03,22.37
860,McCracken,Kentucky,6.8%,17.4%,50.0%,0.25%,75.3,50.50,14.8%,1.35,22.36
861,Grays Harbor,Washington,9.7%,18.8%,47.8%,0.30%,76.4,56.80,15.2%,1.34,22.33
862,Pearl River,Mississippi,6.5%,21.9%,52.7%,0.19%,74.3,45.80,12.6%,1.16,22.30
863,Macon,Illinois,8.2%,18.1%,48.9%,0.41%,77.1,52.15,13.5%,1.40,22.16
864,Raleigh,West Virginia,8.9%,17.1%,52.3%,0.21%,73.7,41.65,12.9%,1.28,22.13
865,Nash,North Carolina,7.3%,17.8%,46.0%,0.22%,75.7,46.20,11.5%,1.26,22.03
866,Montgomery,Ohio,5.4%,18.5%,44.0%,0.40%,76.3,54.25,14.0%,1.30,21.98
867,Sevier,Tennessee,7.0%,15.4%,55.1%,0.36%,76.0,43.00,13.6%,1.21,21.94
868,Cumberland,New Jersey,8.0%,18.0%,40.4%,0.60%,76.8,49.45,10.2%,1.35,21.70
869,Milwaukee,Wisconsin,6.2%,21.9%,38.1%,0.79%,76.9,56.50,11.0%,1.14,21.65
870,Bradley,Tennessee,3.9%,19.8%,51.4%,0.74%,76.4,43.85,14.6%,1.20,21.58
871,Columbia,Florida,4.7%,20.0%,44.3%,0.16%,75.2,48.35,14.7%,1.12,21.50
872,Jones,Mississippi,5.8%,23.2%,48.0%,0.17%,75.2,41.20,11.8%,1.14,21.32
873,McMinn,Tennessee,5.0%,18.5%,53.7%,0.51%,75.1,43.25,13.1%,1.17,21.11
874,Whitfield,Georgia,6.1%,20.1%,52.5%,0.45%,76.8,41.95,12.0%,1.20,21.07
875,Jackson,Mississippi,7.0%,15.6%,48.3%,0.24%,74.9,45.75,13.2%,1.31,20.90
876,Howard,Indiana,5.7%,17.5%,51.3%,0.41%,76.5,48.55,14.7%,1.23,20.80
877,Jackson,Alabama,7.0%,18.2%,55.4%,0.29%,73.5,41.70,12.1%,1.12,20.77
878,Hampton city,Virginia,6.2%,15.5%,41.8%,0.47%,76.6,50.95,12.5%,1.26,20.77
879,LaPorte,Indiana,7.8%,17.7%,49.5%,0.43%,76.3,51.00,13.4%,1.38,20.69
880,Clark,Ohio,5.9%,19.0%,48.6%,0.30%,75.4,50.80,13.8%,1.32,20.69
881,Mahoning,Ohio,7.1%,17.9%,44.7%,0.40%,76.4,53.90,12.8%,1.30,20.69
882,Philadelphia,Pennsylvania,6.3%,26.7%,29.2%,0.17%,75.0,46.60,9.0%,0.99,20.66
883,Calcasieu,Louisiana,4.7%,17.2%,47.7%,0.42%,74.5,45.40,12.8%,1.23,20.28
884,Lucas,Ohio,5.8%,21.1%,42.2%,0.38%,76.8,54.35,13.3%,1.27,20.28
885,Fayette,Pennsylvania,8.5%,19.0%,47.7%,0.26%,75.4,47.50,10.7%,1.20,20.19
886,Putnam,Tennessee,4.5%,25.2%,48.9%,0.36%,76.5,44.70,12.4%,1.03,20.04
887,Lauderdale,Alabama,7.1%,18.7%,52.1%,0.36%,75.8,44.90,12.4%,1.26,19.89
888,Tuscaloosa,Alabama,5.9%,18.4%,42.8%,0.63%,75.2,46.90,10.1%,1.30,19.84
889,Cherokee,South Carolina,6.7%,23.5%,46.9%,0.12%,74.6,43.90,11.8%,1.07,19.75
890,Garland,Arkansas,4.9%,22.1%,50.3%,0.41%,75.4,52.30,16.0%,1.17,19.41
891,Tangipahoa,Louisiana,6.6%,21.7%,45.0%,0.17%,73.8,45.50,11.3%,1.15,19.06
892,Coffee,Alabama,6.8%,18.8%,50.2%,0.58%,76.3,47.25,13.0%,1.38,18.60
893,Newton,Georgia,6.2%,16.6%,46.3%,0.86%,76.1,49.50,13.0%,1.30,18.35
894,Henry,Virginia,6.2%,17.8%,51.8%,0.25%,74.6,44.65,13.4%,1.01,18.33
895,Lake,Indiana,7.8%,18.2%,45.1%,0.63%,76.2,48.80,11.4%,1.37,18.12
896,Orangeburg,South Carolina,9.0%,24.7%,39.0%,0.22%,72.5,50.80,8.8%,1.03,18.11
897,Ashtabula,Ohio,7.5%,19.0%,48.9%,0.32%,75.9,53.80,14.9%,1.24,17.90
898,Muskingum,Ohio,7.7%,19.2%,49.5%,0.36%,76.1,51.35,13.6%,1.29,17.87
899,Lenoir,North Carolina,6.1%,23.7%,43.7%,0.16%,74.4,42.20,11.3%,1.03,17.78
900,Marshall,Alabama,6.2%,19.9%,53.6%,0.31%,74.1,41.50,13.0%,1.18,17.64
901,Mohave,Arizona,7.1%,19.9%,50.0%,0.23%,75.7,52.00,15.0%,1.07,17.54
902,Dale,Alabama,6.6%,18.7%,51.0%,0.78%,75.7,49.60,14.1%,1.35,17.49
903,Knox,Illinois,7.8%,17.7%,44.6%,0.25%,76.5,50.15,13.3%,1.20,17.31
904,Orleans,Louisiana,5.5%,27.7%,30.3%,0.17%,75.5,47.80,12.0%,0.92,17.28
905,Hamblen,Tennessee,4.9%,22.0%,52.4%,0.34%,74.9,40.90,14.4%,1.15,17.10
906,Lee,Mississippi,4.9%,19.2%,49.8%,0.47%,74.2,45.75,13.8%,1.27,17.03
907,Wayne,North Carolina,6.2%,22.5%,45.9%,0.22%,75.4,43.00,12.0%,1.17,17.00
908,St. Martin,Louisiana,7.3%,18.8%,47.9%,0.29%,75.2,43.05,11.5%,1.20,16.74
909,Norfolk city,Virginia,5.6%,20.5%,34.3%,0.34%,75.1,50.45,11.3%,1.12,16.70
910,Ross,Ohio,6.8%,19.4%,49.0%,0.30%,75.4,47.15,14.1%,1.37,16.37
911,Carter,Tennessee,5.5%,23.5%,53.4%,0.30%,75.8,40.80,13.9%,0.96,16.24
912,Richmond city,Virginia,4.6%,25.5%,26.1%,0.43%,74.1,53.30,12.1%,1.05,16.01
913,Lowndes,Georgia,5.5%,25.3%,42.0%,0.39%,74.9,49.80,10.9%,1.11,15.92
914,Muskogee,Oklahoma,5.3%,22.0%,49.6%,0.26%,72.9,45.05,15.3%,1.24,15.86
915,Mercer,West Virginia,8.1%,21.8%,50.9%,0.17%,73.2,40.20,13.1%,1.11,15.79
916,Sampson,North Carolina,6.3%,24.7%,45.8%,0.22%,74.7,44.50,11.3%,1.03,15.65
917,Robeson,North Carolina,8.2%,32.0%,39.5%,0.14%,73.6,39.30,10.2%,0.89,15.16
918,Vermilion,Illinois,8.4%,19.1%,46.2%,0.25%,75.6,50.80,14.9%,1.29,14.86
919,Madison,Tennessee,4.6%,20.1%,45.2%,0.69%,76.5,38.75,13.1%,1.17,14.75
920,St. Francois,Missouri,6.2%,19.9%,49.3%,0.31%,75.3,48.15,14.0%,1.20,14.69
921,Carroll,Georgia,6.3%,19.9%,47.8%,0.44%,75.2,48.10,12.1%,1.19,14.68
922,Greene,Tennessee,5.6%,22.1%,54.2%,0.36%,74.8,38.95,14.3%,1.08,14.63
923,Putnam,Florida,6.0%,26.5%,46.8%,0.13%,74.4,46.90,15.2%,0.97,14.44
924,Columbus,North Carolina,7.6%,24.3%,45.9%,0.15%,72.7,45.70,12.0%,1.00,14.44
925,Le Flore,Oklahoma,6.6%,23.3%,52.2%,0.24%,73.5,46.70,14.7%,1.12,14.36
926,Acadia,Louisiana,6.8%,19.9%,47.9%,0.25%,73.1,40.75,11.9%,1.14,14.02
927,Shelby,Tennessee,4.9%,21.3%,39.2%,1.26%,75.3,40.35,11.6%,1.24,13.86
928,Troup,Georgia,5.3%,21.9%,44.8%,0.68%,75.0,48.80,12.5%,1.23,13.71
929,Cabell,West Virginia,5.8%,22.6%,43.3%,0.16%,74.5,44.65,15.7%,1.15,12.70
930,Genesee,Michigan,5.6%,21.2%,44.8%,0.56%,75.8,49.25,13.5%,1.25,12.43
931,Grant,Indiana,5.9%,19.5%,46.6%,0.37%,75.5,48.40,14.2%,1.21,12.36
932,Delaware,Indiana,6.2%,22.6%,42.1%,0.35%,76.5,45.90,12.0%,1.11,12.17
933,Madison,Indiana,6.5%,17.6%,48.6%,0.55%,75.5,46.85,15.3%,1.28,12.09
934,Iberia,Louisiana,9.0%,20.3%,45.5%,0.37%,74.4,42.95,11.4%,1.31,12.09
935,Wilson,North Carolina,8.8%,24.0%,44.9%,0.21%,75.7,40.40,11.8%,1.09,12.08
936,Floyd,Georgia,6.2%,21.4%,49.0%,0.51%,75.1,48.20,13.4%,1.21,11.93
937,Roanoke city,Virginia,4.6%,21.9%,39.7%,0.31%,74.0,49.30,15.5%,1.10,11.76
938,Walker,Georgia,7.5%,17.4%,52.2%,0.68%,74.8,45.05,14.1%,1.17,11.46
939,Wayne,Michigan,6.2%,24.8%,38.4%,0.52%,75.1,51.80,11.9%,1.17,11.36
940,Colbert,Alabama,7.8%,18.3%,52.2%,0.51%,74.1,46.65,14.0%,1.18,11.25
941,St. Landry,Louisiana,7.6%,27.7%,44.1%,0.28%,73.0,43.20,10.1%,1.02,11.18
942,Pulaski,Kentucky,6.7%,26.0%,54.0%,0.41%,75.2,46.25,14.3%,1.07,11.07
943,Wayne,Indiana,6.0%,21.1%,49.7%,0.50%,76.0,47.40,14.9%,1.15,10.95
944,Marion,Indiana,5.3%,21.0%,40.1%,0.50%,75.9,47.90,13.7%,1.20,10.76
945,Etowah,Alabama,6.5%,19.6%,50.1%,0.38%,72.8,44.80,13.4%,1.14,10.70
946,Houston,Alabama,6.4%,18.4%,47.6%,0.93%,76.2,46.30,14.4%,1.24,10.61
947,Scioto,Ohio,9.2%,24.5%,47.9%,0.26%,73.7,50.20,13.5%,1.17,10.25
948,Laurel,Kentucky,7.5%,23.3%,53.8%,0.41%,74.4,43.55,14.0%,1.15,10.04
949,Jefferson,Alabama,6.2%,18.7%,43.8%,0.66%,74.8,45.85,13.0%,1.26,9.44
950,Vigo,Indiana,6.7%,19.8%,43.1%,0.36%,75.9,47.05,14.0%,1.25,9.25
951,Portsmouth city,Virginia,6.6%,18.2%,39.5%,0.46%,74.2,50.80,13.4%,1.17,9.05
952,St. Mary,Louisiana,8.4%,22.3%,44.6%,0.25%,75.1,42.20,13.1%,1.23,8.78
953,Rapides,Louisiana,5.7%,20.6%,44.2%,0.49%,74.9,44.25,13.2%,1.20,8.62
954,Harrison,Mississippi,5.9%,20.0%,45.7%,0.33%,75.4,44.05,14.5%,1.11,8.50
955,Forrest,Mississippi,5.9%,28.5%,38.9%,0.26%,74.0,43.50,12.4%,1.05,8.41
956,Lowndes,Mississippi,6.6%,25.0%,45.2%,0.50%,76.0,44.80,12.2%,1.14,8.41
957,Montgomery,Alabama,6.2%,22.0%,39.6%,0.74%,75.7,47.50,12.9%,1.25,8.32
958,Edgecombe,North Carolina,9.7%,25.3%,39.9%,0.28%,74.5,43.90,11.0%,0.98,7.68
959,Lauderdale,Mississippi,5.9%,23.3%,42.3%,0.28%,74.9,43.25,13.4%,1.09,7.66
960,Hinds,Mississippi,5.6%,24.8%,35.5%,0.53%,75.3,42.75,11.6%,1.02,7.59
961,Mobile,Alabama,7.3%,19.9%,45.3%,0.63%,74.8,45.75,12.9%,1.24,6.91
962,Ouachita,Louisiana,5.8%,24.3%,42.6%,0.61%,74.9,43.15,12.2%,1.12,6.60
963,Crittenden,Arkansas,5.3%,25.9%,41.6%,0.44%,71.8,42.80,12.4%,1.04,6.52
964,Muscogee,Georgia,7.2%,20.2%,40.1%,0.45%,74.1,50.75,13.6%,1.22,6.52
965,Halifax,North Carolina,9.2%,25.8%,40.2%,0.24%,74.1,40.65,11.6%,0.95,6.45
966,St. Louis city,Missouri,5.5%,27.8%,28.7%,0.88%,73.4,48.95,12.1%,1.00,6.36
967,Bibb,Georgia,6.2%,26.7%,38.1%,0.55%,73.3,48.20,11.8%,1.08,6.16
968,Baltimore city,Maryland,7.1%,24.2%,26.5%,0.43%,72.5,44.65,10.8%,0.98,5.36
969,Calhoun,Alabama,7.2%,21.7%,47.9%,0.42%,73.3,44.70,14.2%,1.22,5.28
970,Walker,Alabama,8.4%,23.0%,51.3%,0.37%,71.6,39.05,14.6%,1.09,4.64
971,Clayton,Georgia,7.0%,24.8%,35.6%,1.10%,76.3,49.65,13.0%,1.07,4.55
972,Talladega,Alabama,7.1%,23.4%,48.0%,0.43%,73.3,42.85,13.2%,1.09,4.44
973,Caddo,Louisiana,6.2%,21.1%,38.8%,0.51%,74.2,42.05,12.8%,1.15,4.23
974,Pike,Kentucky,12.6%,24.1%,52.5%,0.40%,71.3,41.40,15.2%,1.04,4.08
975,Spalding,Georgia,7.1%,22.6%,46.1%,0.58%,74.0,43.20,12.6%,1.07,3.52
976,Dougherty,Georgia,7.2%,32.4%,34.2%,0.57%,75.5,50.00,12.6%,0.93,3.19
977,Wyandotte,Kansas,6.1%,24.3%,41.6%,0.38%,74.8,40.80,13.7%,1.05,2.74
978,Russell,Alabama,6.3%,22.1%,42.8%,0.53%,72.5,44.75,13.1%,1.04,2.60
979,Washington,Mississippi,10.4%,37.5%,34.7%,0.34%,70.6,36.30,11.3%,0.85,1.84
980,Jefferson,Arkansas,6.4%,24.5%,39.9%,0.69%,74.4,43.90,13.4%,1.10,0.70
981,Richmond,Georgia,6.9%,25.4%,35.0%,0.60%,73.5,49.20,14.0%,1.12,0